HR,mBP
-0.4654728058845766,-0.21689875208916354
-0.4654728058845766,-0.21689875208916354
-0.4920077170095136,-0.24056300832264454
-0.4942537943522136,-0.20055241371268662
-0.4964998716949134,-0.22218132967972637
-0.4987459490376134,-0.20311110766965956
-0.4888476094891948,-0.22715440436975276
-0.48610684179490615,-0.21862216019511815
-0.4833660741006175,-0.2190326292123368
-0.45505695958291326,-0.22782024933924128
-0.4373141873267389,-0.2328093419620647
-0.4562190886466734,-0.22668373525439212
-0.4858399668047505,-0.22932373350532498
-0.4879295390139343,-0.23756021528101678
-0.49001911122311836,-0.24800998061450563
-0.4921086834323022,-0.2480421683088464
-0.49102395580660907,-0.23599918801986164
-0.4927943445021107,-0.24294846567941542
-0.478036654892788,-0.246090333853195
-0.4632789652834657,-0.2300333810682914
-0.4485212756741431,-0.22261252332089554
-0.41616193709834925,-0.20374150062674912
-0.4095721090993574,-0.16780340849463615
-0.4029822811003654,-0.1650270680289957
-0.40415271635978456,-0.1655611256461832
-0.4053231516192036,-0.14154439897679572
-0.4064935868786227,-0.15199211462220152
-0.40766402213804187,-0.16243983026760722
-0.40883445739746094,-0.1668256313646611
-0.41000489265688,-0.1740510096004353
-0.4111753279162992,-0.19331397820467977
-0.41234576317571825,-0.20924407807155632
-0.4600265256820186,-0.2347340749863961
-0.443343500937185,-0.24682510907377175
-0.4337444920693675,-0.2542953870782805
-0.426466049686555,-0.24257344867459574
-0.4191876073037425,-0.21214248884969678
-0.41190916492093,-0.23548858794406868
-0.4410224576150218,-0.22732422482314985
-0.4701357503091136,-0.2300413520775031
-0.5356407780801096,-0.25164119283951336
-0.5617484431112967,-0.2802744243868548
-0.553521002492597,-0.30639898954932365
-0.5494343542283582,-0.3169421295621502
-0.5536008034982989,-0.3163202390148865
-0.5370047784620715,-0.31521355927880135
-0.5316509739045174,-0.30823300489738803
-0.5296438893964214,-0.2884224659174829
-0.5283013005410471,-0.27847639245180345
-0.5484274587323589,-0.28695701485249536
-0.5592713509836504,-0.260342726066931
-0.5631812003351027,-0.25927855837997515
-0.5670910496865549,-0.25239198599288715
-0.5293924270137664,-0.22634105777266011
-0.5359717338315902,-0.23788383825501402
-0.5380356081070439,-0.22579166545203666
-0.5461642357610887,-0.22440713910914178
-0.5442566410187752,-0.2406359620355255
-0.5399266519854146,-0.2411979561421409
-0.5439312227310673,-0.2342740338833178
-0.5366744995117188,-0.22138202724172107
-0.5442159714237336,-0.22024224883881371
-0.5350609440957346,-0.20882586578824625
-0.5330261107413999,-0.1960017265965096
-0.5299789674820439,-0.20366270150711285
-0.5307320625551285,-0.1912163122376399
-0.5403367934688446,-0.19142841699704605
-0.5363025665283203,-0.19354498564307365
-0.5379944462930002,-0.18734574199315923
-0.5329844567083544,-0.18504971176830687
-0.5293924270137664,-0.19233878216340172
-0.520851073726531,-0.17722590052666354
-0.5260273102791079,-0.16467011864505599
-0.5232761752220891,-0.16176821580573697
-0.5270392510198778,-0.16591131865088615
-0.5290149565665953,-0.15958021173429726
-0.5499973297119141,-0.15767559601892878
-0.5154049165787236,-0.1614519565259639
-0.519869158344884,-0.18350652438491133
-0.5187996279808782,-0.16302399137126866
-0.5164816456456338,-0.15269887743897703
-0.5181997360721711,-0.14931241315395682
-0.511900132702243,-0.14479361007462688
-0.5112484347435735,-0.13047426138351215
-0.5126377228767641,-0.13036555200073852
-0.5201682429159842,-0.13071787060789797
-0.5236156217513546,-0.13446356170806129
-0.5229365441106981,-0.14419616395561252
-0.5245901538479713,-0.15553830274895053
-0.5239124298095703,-0.15525278879042292
-0.5277127296693863,-0.15399617816678324
-0.5277127296693863,-0.16078368229652518
-0.5239972145326676,-0.1552156666618082
-0.5191849124047063,-0.16043212283310015
-0.5185426281344506,-0.16864628578299912
-0.5171696447557019,-0.15314130640741608
-0.5105086911109187,-0.1482576588493082
-0.5116395642680507,-0.14347793806844678
-0.514023196312689,-0.15566371329388218
-0.5133742055585307,-0.14909241329971235
-0.5098987702400454,-0.1510454623853389
-0.5041994894704511,-0.1740850951541123
-0.5098987702400454,-0.16561168461889775
-0.5020787639002646,-0.16652151838463936
-0.4982568679317352,-0.18366510951103854
-0.5077143638364731,-0.1837675939151897
-0.5063552856445312,-0.1918008529131685
-0.510856936054845,-0.2139988230235541
-0.5091571807861328,-0.20850057269803324
-0.5077581098002772,-0.20855219447197604
-0.5102473843482234,-0.23174555384697604
-0.5168257682554184,-0.24960737086054108
-0.5157497159896358,-0.24727474990768816
-0.5125943460772114,-0.2518146571828358
-0.5144121723790323,-0.25469036956331625
-0.5147577101184475,-0.24975540388875928
-0.5084581682758946,-0.259850193612018
-0.5184569205007246,-0.26890768933652054
-0.5187996279808782,-0.26890867622337533
-0.526702142530872,-0.27785108575773476
-0.5290569797638924,-0.2911753488417289
-0.5306902854673324,-0.30346087555387125
-0.5323598307947959,-0.31539712023379196
-0.531066402312248,-0.3360166786915034
-0.5379944462930002,-0.34094875961986937
-0.5323181767617502,-0.3407491807320818
-0.5095062871133127,-0.34767743011019125
-0.5071671516664567,-0.34445053783815294
-0.5048280162196006,-0.34122364556611473
-0.5024888807727445,-0.3512466582492809
-0.5001497453258884,-0.3612696709324471
-0.49781060987903225,-0.3445710898631841
-0.4993263982957409,-0.3374727922885572
-0.505608404836347,-0.3539175916073928
-0.5202108813870338,-0.362358738533893
-0.5192830280591083,-0.35774409355808845
-0.5183551747311828,-0.3531294485822839
-0.5174273214032573,-0.3834226997337531
-0.5150166788408833,-0.4093962712074394
-0.5225966668898059,-0.41721271875485855
-0.5208937121975806,-0.4153752113456157
-0.5211921814949282,-0.4110087684137904
-0.5276707064720891,-0.42807515462239587
-0.5232761752220891,-0.4171267836841185
-0.5233186291110131,-0.4140185455777752
-0.5245447876632854,-0.40893717903402904
-0.5257709462155578,-0.4038558124902829
-0.5269971047678301,-0.39551084907493783
-0.536600943534605,-0.40058390299479163
-0.5462047823013798,-0.40738704548546334
-0.5392697857272241,-0.41897362856129505
-0.5276707064720891,-0.4066166664237407
-0.5249710083007812,-0.40647910957905786
-0.5269549585157824,-0.4184936978923741
-0.5280491613572644,-0.41283033380460976
-0.5306902854673324,-0.41180070715757155
-0.5306902854673324,-0.41651354737542756
-0.5323598307947959,-0.4262980750544154
-0.5435603049493605,-0.43448293505616453
-0.5547607791039251,-0.4405913851154384
-0.5442566410187752,-0.4339812169620647
-0.5386119350310294,-0.4402069547283116
-0.5336499367990801,-0.4483751135679027
-0.5481888863348192,-0.4468739068330224
-0.5389373379368936,-0.4457499945341651
-0.5296857895389679,-0.44149818230624227
-0.49246972607028094,-0.44446947088289024
-0.47666402016916587,-0.4412810671981887
-0.4546204843828755,-0.4170278672555193
-0.4349035447643649,-0.3784390729458178
-0.43122552030829964,-0.3869341949918377
-0.4275474958522346,-0.34650850058788096
-0.4238694713961694,-0.36986940298507465
-0.42159438594695053,-0.37673874280939057
-0.4219178845805507,-0.3566469410758707
-0.4222413832141507,-0.3772542014050839
-0.4225648818477509,-0.3821301056971005
-0.4228883804813507,-0.3858847546933303
-0.42321187911495084,-0.3808492783883318
-0.4235353777485509,-0.3482852764983675
-0.42905604454778856,-0.35488944741623907
-0.43457671134702625,-0.3547313177763526
-0.4400973781462638,-0.37124709703435943
-0.4456180449455015,-0.4179310964707711
-0.46105452506772937,-0.42390722777712997
-0.47649100518995713,-0.4044741350619947
-0.491927485312185,-0.40038728476756846
-0.47964902077951743,-0.4145837280880752
-0.46737055624684976,-0.43022345547652363
-0.46041057955834175,-0.4434362762603
-0.48226276520759825,-0.4435172768967661
-0.4866619725381175,-0.46014168962317314
-0.4789385641774824,-0.42327562019006526
-0.46770194268995713,-0.3682272232587065
-0.4767105348648564,-0.36414978634658735
-0.501768788983745,-0.39571255356518187
-0.5147145179010206,-0.38595998583741453
-0.5363025665283203,-0.3493709279530084
-0.5503589260962702,-0.3398008583790034
-0.5683303956062563,-0.30959020206584265
-0.5406236956196446,-0.3102672064482276
-0.544541266656691,-0.3106294698383084
-0.5532416682089529,-0.3040839807311101
-0.5356821860036542,-0.2934114067115594
-0.5435648272114415,-0.2878101405812733
-0.5455157372259325,-0.29213642480954605
-0.544541266656691,-0.2968099413819574
-0.5376647826163999,-0.29125354064637754
-0.5333589123141381,-0.30228496190920395
-0.54782227546938,-0.2953870782804726
-0.5356821860036542,-0.28236708000524724
-0.5336914677773752,-0.28212225615088615
-0.5346878420922063,-0.2804360460879197
-0.5464882389191659,-0.27697548937441696
-0.5510009642570249,-0.26684737324121577
-0.5363852593206591,-0.27490158460626557
-0.5181139669110698,-0.27137004795359143
-0.5081082620928364,-0.25512475160817005
-0.5058763142554991,-0.24235398022096544
-0.5036443664181617,-0.24541226666958182
-0.5014124185808243,-0.2434103287274565
-0.4991804707434869,-0.247260402091107
-0.5012204877791866,-0.23233070183749227
-0.5032605048148863,-0.2238701208313899
-0.5053005218505859,-0.23006541693388527
-0.48843851397114413,-0.2322871269871346
-0.4944160522953156,-0.22409687706487091
-0.5003935906194872,-0.21298840271299746
-0.5060928426763063,-0.21601047800548046
-0.5117920947331254,-0.23081772837472792
-0.5174913467899445,-0.24978599738125773
-0.5231905988467637,-0.2656607556698928
-0.5288898509035829,-0.3002444594653685
-0.534589102960402,-0.3141121935488572
-0.529895995765604,-0.3129032571517413
-0.5252028885708061,-0.3132330291899875
-0.520509781376008,-0.30727185301519744
-0.5073639654344129,-0.3187529910263137
-0.5137204816264491,-0.3059444142811334
-0.5112484347435735,-0.2958004320438822
-0.4967826720206968,-0.29707731180523167
-0.48771039901241175,-0.27143897820467977
-0.4770360146799395,-0.246228953499106
-0.47039265786447837,-0.2370171997677627
-0.4623744103216356,-0.23883216060809231
-0.4706750685168851,-0.23477005839940923
-0.48263082196635587,-0.24078422280686407
-0.47740788613596274,-0.25168681737795395
-0.4841002802694997,-0.24930568714046952
-0.5042877197265625,-0.25666733167657807
-0.5007044884466356,-0.28202926104341575
-0.49785527875346525,-0.30435856301986164
-0.4902541868148311,-0.30918034036361164
-0.47638480894027213,-0.30789237710373907
-0.4796328390798261,-0.3066891342846315
-0.48226276520759825,-0.31346722503206625
-0.4718501183294481,-0.2936950228107509
-0.47750066941784275,-0.2834019447440532
-0.48258479948966737,-0.2825485912721548
-0.4681277121267011,-0.2695530374251788
-0.47559295162077875,-0.2571659372813666
-0.4921086834323022,-0.26274928761951954
-0.4928305225987588,-0.2821905031726135
-0.5011038626393964,-0.269165722291861
-0.5028309360627206,-0.2545944897096548
-0.49785527875346525,-0.25093913671389145
-0.4902541868148311,-0.24947945514128578
-0.4718971252441406,-0.25959383077289333
-0.4687372638333228,-0.25705297669368
-0.465577402422505,-0.24714281072664024
-0.4624175410116872,-0.24066055829252175
-0.4592576796008695,-0.21866983442164178
-0.47633829424458163,-0.2252734739388993
-0.48194048481602825,-0.23402958960082398
-0.4729289393271169,-0.24583199724036064
-0.49102395580660907,-0.24561951290908735
-0.4985690578337638,-0.26073042077211595
-0.4953490841773248,-0.25388195740049746
-0.5178137133198399,-0.248233396615555
-0.5136339126094696,-0.27427726479905157
-0.5243361073155557,-0.2828055614262671
-0.5174273214032573,-0.3037046366070041
-0.512941175891507,-0.31781142505247206
-0.5122907700077179,-0.31361411934468286
-0.5236156217513546,-0.2941464096752565
-0.5077581098002772,-0.28688724954329914
-0.49323611105642007,-0.2828424558117615
-0.4993263982957409,-0.26550710497803953
-0.5024329154722152,-0.2504275497512438
-0.5102038844939201,-0.25450453117712224
-0.5003491678545552,-0.2613432775089397
-0.5028751127181514,-0.26524330253031714
-0.5130278064358619,-0.24814829660292292
-0.5329844567083544,-0.254093606673663
-0.5471759303923576,-0.2739436211277596
-0.5448256461851059,-0.27568843708702584
-0.539680419429656,-0.28323470537935325
-0.5375396359351374,-0.3108941073441387
-0.5353988524406187,-0.3106435899117693
-0.5332580689461001,-0.3224261838998368
-0.5311172854515813,-0.3213192764206312
-0.5289765019570627,-0.3238916349648243
-0.5268357184625441,-0.33717338599968905
-0.5246949349680254,-0.33753048721237566
-0.5225541514735068,-0.342318406745569
-0.511900132702243,-0.3362579345703125
-0.5060039643318422,-0.3142958304182214
-0.49963791139664193,-0.3049082589979789
-0.5024770921276462,-0.3042396051966729
-0.47076908234627013,-0.2912422294047341
-0.47100419895623313,-0.27252690709052396
-0.47123931556619636,-0.2540019021105411
-0.47147443217615925,-0.2529844217632541
-0.47852153162802424,-0.26199705209305035
-0.5003491678545552,-0.2567445365943719
-0.5007488496841923,-0.2678886907017646
-0.5053445139238911,-0.2610749201988106
-0.48775592927009825,-0.27704874674479163
-0.48993695166803175,-0.2987255646814755
-0.465805422875189,-0.3035875766431514
-0.4619439648043725,-0.30408291792988185
-0.4680330830235635,-0.3161710672710666
-0.4711453837733115,-0.3252573345431048
-0.4681277121267011,-0.3213054600046642
-0.47409906694965975,-0.29591635329213306
-0.48780145952778475,-0.28778076171875
-0.46433085779989924,-0.29478606418590636
-0.4535521230389995,-0.2679514718886039
-0.47926269039031,-0.2436666156522077
-0.4696387014081401,-0.2372142734812267
-0.47479986375378025,-0.23740383167171952
-0.48009515577746975,-0.2460742400060245
-0.4961111622471963,-0.282071241691931
-0.5201682429159842,-0.27239610662507774
-0.5353509226152974,-0.2959808805095616
-0.5357235323998235,-0.30686684983286694
-0.5393519247731855,-0.28192715621113185
-0.5228940286943989,-0.28096797810265084
-0.5353923305388419,-0.2621689222345305
-0.5372936494888798,-0.23065458838619401
-0.5442159714237336,-0.2259768206088697
-0.5445818747243574,-0.23453161135241762
-0.5406646728515625,-0.23891634964824315
-0.5432796478271484,-0.24492990674071047
-0.5405827183877268,-0.25271773456934077
-0.5356407780801096,-0.23971777768870495
-0.5386119350310294,-0.2151901472860308
-0.5194844276674332,-0.17686371305095616
-0.505608404836347,-0.16623342333741453
-0.5119435095017957,-0.16073517301189366
-0.5226391207787298,-0.14857892847772858
-0.5283852854082661,-0.14591919248969998
-0.5235732293898059,-0.14274475704971235
-0.5225541514735068,-0.14049070747337533
-0.5228940286943989,-0.12262145085121268
-0.5297276281541394,-0.11300879331370495
-0.5161373384537236,-0.11269336909203975
-0.5272919439500379,-0.11570716971781714
-0.5296857895389679,-0.1114232457099269
-0.5136772278816469,-0.112718800407144
-0.5303138609855406,-0.11734023971937191
-0.5416060416929184,-0.1150996269871346
-0.5393108244865171,-0.11933868560031868
-0.5226391207787298,-0.12498367840970925
-0.5035818776776714,-0.12905542174382
-0.4974533204109438,-0.1262185775225435
-0.4869812380883002,-0.13154465404909044
-0.4844455781777176,-0.13009727060498288
-0.48190991826713514,-0.12644518192727772
-0.4793742583565527,-0.12606636920378578
-0.47929391071988425,-0.13864887294484607
-0.47921356308321583,-0.14836196519842193
-0.47913321544654763,-0.1498062361532183
-0.4790528678098792,-0.146525292847287
-0.4789725201732108,-0.14687609316697758
-0.47889217253654237,-0.1495434205923507
-0.4836873700541835,-0.17554151240865978
-0.5105958138742754,-0.18828002018715018
-0.5122907700077179,-0.18132930015450088
-0.5293504653438446,-0.19476098207692005
-0.5482207575151997,-0.21372249470421334
-0.5454992863439745,-0.2161746807952425
-0.5427778151727491,-0.2322072650662702
-0.5400563440015239,-0.2348996442348803
-0.5373348728302987,-0.26155371215212997
-0.5400087295040008,-0.2796944385737329
-0.5266599962788243,-0.3071059801092195
-0.5308190007363596,-0.3157927859481887
-0.5349780051938949,-0.3352179076541123
-0.5313243558329921,-0.31059659891460667
-0.5414833099611344,-0.3043407990564755
-0.5516422640892766,-0.31005168554201645
-0.580087492542882,-0.31028557772660137
-0.5897886291626961,-0.30588087395055974
-0.59948976578251,-0.2955788379877954
-0.5765737718151462,-0.29920010542988185
-0.5645636896933279,-0.2946699151945351
-0.5664313531691028,-0.29864008509697604
-0.6083505999657415,-0.30184731554629196
-0.6062627607776272,-0.29852985742673355
-0.6041749215895129,-0.2823972939258784
-0.6020870824013986,-0.2759240753022
-0.5802083784534084,-0.27024917222967193
-0.6053675374677104,-0.26121558953280477
-0.6024967931932019,-0.2667765451307914
-0.5996260489186933,-0.2770877667327425
-0.5967553046441847,-0.269455563369675
-0.5938845603696762,-0.2500059972355022
-0.6019083727217917,-0.24296478726970616
-0.6099321850739072,-0.27411097436401977
-0.6035504153125175,-0.30525716145833337
-0.5971686455511278,-0.2487677578902363
-0.5723741592899445,-0.23992115229516475
-0.5526025218348349,-0.2628238355342428
-0.5483870967741935,-0.2518495777946207
-0.5309828481366557,-0.22447940959266166
-0.5314557475428427,-0.21752178135202893
-0.5319286469490297,-0.2080136579067553
-0.5324015463552167,-0.2038092162478623
-0.5333994896181168,-0.197377295043338
-0.5343974328810168,-0.19778396834188428
-0.5405827183877268,-0.19487667558205068
-0.5431981240549395,-0.19976829414937036
-0.5497159034975113,-0.19382328773612412
-0.5579686933948147,-0.14341781388467822
-0.5759652660739037,-0.13716163445467977
-0.5763456283077117,-0.1431957643423507
-0.5595472397342804,-0.14553073864078048
-0.5435648272114415,-0.15133128000136042
-0.5633535692768712,-0.16669422358422725
-0.5548755276587702,-0.17345401896766166
-0.5811126462874874,-0.18980711372337533
-0.5774850537700038,-0.18710190502565294
-0.5756607055664062,-0.1724558208712298
-0.5862040365895917,-0.18487488096626248
-0.5918659087150328,-0.18928467100532498
-0.5802528012183406,-0.1818201624931981
-0.5686396937216482,-0.18515515683302242
-0.5547959727625693,-0.17114303361124072
-0.5838523987800844,-0.15791700372648476
-0.578432390766759,-0.14142794632793065
-0.5649144572596396,-0.14347877312655477
-0.5636271199872417,-0.1390426407999067
-0.559231911936114,-0.14396583974657962
-0.5596259947746031,-0.14495189154326027
-0.5645636896933279,-0.1357282192552861
-0.5664313531691028,-0.14984685034301148
-0.5598623214229461,-0.13959863767101988
-0.556702152375252,-0.13549751547438593
-0.5510009642570249,-0.1321120380762204
-0.5599410149358934,-0.13712041294989896
-0.5611990651776714,-0.12296367284670395
-0.5614737849081717,-0.13041717377468132
-0.5646416448777722,-0.13091403334888063
-0.5510410801056893,-0.1210254270638993
-0.5289729948966734,-0.12628181419562345
-0.5494343542283582,-0.12278884204465956
-0.5630799570391255,-0.12271247218497361
-0.5621012410809917,-0.1137261841427627
-0.5780915906352382,-0.11721384228758547
-0.5487498621786795,-0.1167569895881918
-0.5474184097782258,-0.12334833097695119
-0.5474184097782258,-0.11778593300586904
-0.5336499367990801,-0.10969171476601369
-0.5395983419110698,-0.11219149916919313
-0.5395983419110698,-0.1040016288187966
-0.5509609099357359,-0.10416734989602772
-0.5412787775839529,-0.10266826876360391
-0.5403367934688446,-0.09614373202347637
-0.5415651259883758,-0.0863727171029618
-0.5654984751055318,-0.08965692472695119
-0.5560675590269027,-0.09017822872939985
-0.5636271199872417,-0.08660182668201954
-0.5654984751055318,-0.09509793561489432
-0.5741349497149068,-0.10073655161691542
-0.5742113051875946,-0.10244902805309386
-0.5682824042535597,-0.0949531669047341
-0.5623535033195249,-0.0941736781181981
-0.5564246023854902,-0.08319258808496577
-0.5309828481366557,-0.08650693371521301
-0.5161373384537236,-0.08249273347617381
-0.5153617858886719,-0.058115185789801016
-0.5129287737305812,-0.04237175936722637
-0.5104957615724905,-0.04880079582555974
-0.5080627494144,-0.044725484515897085
-0.5056297372563094,-0.020983188306514355
-0.5031967250982188,-0.025856815167327407
-0.5007637129401281,-0.03996178166783271
-0.49833070078203756,-0.044663917959032906
-0.5229365441106981,-0.03607117002876248
-0.5245901538479713,-0.041463140231459916
-0.5017244892735635,-0.05032166438316232
-0.5091134963497039,-0.06570115729944026
-0.5323181767617502,-0.06686507647310325
-0.5303556380733367,-0.07717584258881371
-0.5243361073155557,-0.09348467926480875
-0.5303138609855406,-0.10775650555814675
-0.5386530968450731,-0.10065593055231659
-0.5442159714237336,-0.11000038260844214
-0.5324015463552167,-0.11375267825909519
-0.5412379234067856,-0.11348583923643496
-0.5432388551773564,-0.11788021865768816
-0.5487901626094696,-0.1249061698344216
-0.5333589123141381,-0.12996290216398476
-0.5400087295040008,-0.13768126834091265
-0.5310246252244519,-0.13677059951706316
-0.5286372400099231,-0.1451239135134873
-0.5286372400099231,-0.15451201633434386
-0.5194844276674332,-0.15505017332769744
-0.5276285602200416,-0.14772800426578048
-0.5379532229515813,-0.14689955070837224
-0.5250132776075793,-0.14828483619500155
-0.5084581682758946,-0.14792705175295395
-0.5077143638364731,-0.135785838264731
-0.5184998050812752,-0.13220055423565769
-0.49892560897334925,-0.13462320963541663
-0.4945857755599483,-0.1295963116546175
-0.5028751127181514,-0.09476968186411694
-0.4975426581598097,-0.09869278485502175
-0.49897015479303175,-0.10417076604283271
-0.5126377228767641,-0.09500774933924128
-0.5422190389325542,-0.08965988538751557
-0.533573858199581,-0.09098375614602772
-0.5249286774666079,-0.10749224762418375
-0.5370460633308657,-0.11442945489835976
-0.5293504653438446,-0.10241889004683613
-0.5192277354578818,-0.09587712074393662
-0.5191421508789062,-0.09737012872648476
-0.5067063608477193,-0.08858061074024404
-0.5011038626393964,-0.08364025514517259
-0.4884839211740801,-0.08281240890275188
-0.4986136036534463,-0.08347423041044777
-0.5007488496841923,-0.09510454016538405
-0.4993263982957409,-0.08078739299109916
-0.4978979172245148,-0.08095918721820583
-0.49646943615328876,-0.08904429573324779
-0.5071009974325857,-0.08068240341262434
-0.5287212248771421,-0.07436268365205223
-0.5226391207787298,-0.07365280834596544
-0.5219587510631931,-0.06975111320837224
-0.5191849124047063,-0.07034241026313748
-0.5370460633308657,-0.060705004639886484
-0.5296857895389679,-0.07242337506801932
-0.5363439129244897,-0.09499628626885104
-0.5452316653343938,-0.11177116128342657
-0.5622971442437941,-0.12034151447353081
-0.5615522938389932,-0.12947317854088936
-0.5557102695588143,-0.12485674957730875
-0.5533214692146547,-0.1410184641975668
-0.5600984634891633,-0.11902903087103545
-0.5589559001307334,-0.11770197170883867
-0.5497159034975113,-0.11838512515547261
-0.5835154748732043,-0.12422612887709883
-0.5781295530257686,-0.10632878393676148
-0.5775036658010175,-0.12010291559779229
-0.5768777785762664,-0.10077891183729792
-0.5877280696745841,-0.10031219026935634
-0.5848439124322706,-0.11153483983889145
-0.5819597551899571,-0.1053182877118315
-0.5790755979476436,-0.10687149579252175
-0.5729108010568926,-0.10507604494616762
-0.5639004861154864,-0.13652676254955687
-0.5442159714237336,-0.13567614199510258
-0.5423415399366809,-0.1341284756636738
-0.5411969461748677,-0.12465496917269125
-0.5263648494597404,-0.12045181805814675
-0.5294568256665302,-0.13199368756801932
-0.53254880187332,-0.13233856656658116
-0.5356407780801096,-0.1301811559876399
-0.5363439129244897,-0.13380963529520362
-0.5449069238478137,-0.14095378515139145
-0.5570587035148374,-0.13862161968477926
-0.5484274587323589,-0.13618279452347637
-0.5399676907447077,-0.16184610395289178
-0.5369634935932774,-0.16123932036594368
-0.5436054968064832,-0.16529459028101678
-0.5445818747243574,-0.1666191442688899
-0.5497561424009262,-0.17871799753673046
-0.5503589260962702,-0.17926048164937036
-0.5621012410809917,-0.18288524115263527
-0.5636271199872417,-0.16799175205515393
-0.5573358228129726,-0.16894250366818253
-0.5465286624047063,-0.18584415568641166
-0.5445818747243574,-0.18419400495083182
-0.5409923061247794,-0.18899217292444026
-0.5589559001307334,-0.20351466847889454
-0.5561073057113155,-0.17342334956078975
-0.5541987880583732,-0.16238464051811252
-0.5633535692768712,-0.19064057762943099
-0.5677498848207535,-0.1971118983937733
-0.5564246023854902,-0.1940344815230488
-0.5829159521287488,-0.17327630341942635
-0.5667418818319998,-0.14442565310653765
-0.5520025683987525,-0.13659872937558304
-0.5457995014805948,-0.13134150718575088
-0.5611990651776714,-0.12532521717583955
-0.5532416682089529,-0.11773575360502175
-0.5370047784620715,-0.1289335032600668
-0.5289729948966734,-0.14433956620705068
-0.5373760961717176,-0.1515382984977457
-0.5242514456472089,-0.16023201254469843
-0.5215756200974988,-0.164031982421875
-0.5178137133198399,-0.16802059951706316
-0.5170836910124748,-0.17003772033387754
-0.5021230636104461,-0.17417353539917602
-0.49960942422190024,-0.18842957150283735
-0.49709578483335437,-0.1842661236056048
-0.4974979892853768,-0.17778630043143662
-0.4946307520712575,-0.18472791073927242
-0.516051261655746,-0.1887622282872745
-0.5154049165787236,-0.19190948638156868
-0.5353509226152974,-0.20911479589357895
-0.5199119198706843,-0.2037965385474969
-0.5157497159896358,-0.20423684191347946
-0.5359717338315902,-0.21234381376807365
-0.5346409120867329,-0.20757752983131217
-0.5333100903418757,-0.20480824940240205
-0.5319792685970184,-0.19527833853194965
-0.5306484468521611,-0.17554211972364742
-0.5151653905068674,-0.1633865584188433
-0.4996823341615738,-0.1958079172011039
-0.4870724831857989,-0.221875926155356
-0.4884401198356382,-0.21022253843089245
-0.4898077564854775,-0.1889602888875933
-0.491175393135317,-0.18380858767685015
-0.4925430297851563,-0.18458124416977617
-0.4939106664349956,-0.18997169608500464
-0.4952783030848349,-0.1977644583479089
-0.4966459397346742,-0.20257537993625618
-0.4980135763845136,-0.2238931988009173
-0.499381213034353,-0.237507910277713
-0.5007488496841923,-0.21944218725707398
-0.5253514935893397,-0.2327376028791589
-0.5343144324518019,-0.24481208763312345
-0.5167827606201172,-0.2589238105128654
-0.5339822461528163,-0.2561403340961209
-0.5363852593206591,-0.25024049673507465
-0.5245901538479713,-0.24477162527207708
-0.5194844276674332,-0.25076301536749845
-0.5309828481366557,-0.23442252239777672
-0.5236580141129032,-0.22019343589668838
-0.5243361073155557,-0.22830739187363958
-0.5283013005410471,-0.23245436635183458
-0.542586418890184,-0.23179087472792292
-0.5455157372259325,-0.20996442956117845
-0.5487191292547411,-0.2056956125136039
-0.5519225212835497,-0.21042606486609916
-0.5636661898705266,-0.22386336445215327
-0.5461642357610887,-0.22523688321089863
-0.548809309928648,-0.20575543303987875
-0.5514543840962072,-0.22103805921564057
-0.5540994582637664,-0.22810371360968595
-0.5567445324313256,-0.228838185172769
-0.5427748710878434,-0.21236514570701182
-0.5288052097443612,-0.29859203129858525
-0.5326931245865361,-0.2480809605536769
-0.5224266052246094,-0.25631364661069655
-0.5026098066760647,-0.2951235035758707
-0.4982568679317352,-0.3212214987076337
-0.4796328390798261,-0.3052817577153296
-0.485199712937878,-0.31810445453397074
-0.49106911690004407,-0.33966011313063593
-0.4745196680868825,-0.30693661514206316
-0.4700157411636845,-0.2841430208576259
-0.468505859375,-0.2884303610123212
-0.46594792027627263,-0.3141495434205923
-0.4382652774933846,-0.33995374992712224
-0.4388144093175088,-0.30078975240982586
-0.4393635411416331,-0.29042804774953357
-0.4399126729657573,-0.31752575926519744
-0.4404618047898815,-0.30101650864330687
-0.4503828479397681,-0.2621396952007541
-0.4675125614289315,-0.2759045653082245
-0.4676545666110131,-0.280118116691931
-0.46289997716103826,-0.2817464040879586
-0.45704072521578876,-0.31163685357392723
-0.4452231622511341,-0.29022839294737246
-0.4619918331023185,-0.24189538149098255
-0.4815259133615801,-0.30463094379178324
-0.4638543898059476,-0.272420019652713
-0.4870268914007372,-0.19706946225901745
-0.4881176179455172,-0.17874020249096312
-0.4892083444902974,-0.1604109427229089
-0.4902990710350775,-0.22188397307894125
-0.49138979757985757,-0.2238571394735308
-0.4924805241246377,-0.2116301427433147
-0.49357125066941787,-0.24819513577133867
-0.4946619772141979,-0.21790142913362875
-0.49575270375897806,-0.2319816475483909
-0.4781969131961945,-0.2549780850386738
-0.4710513699439264,-0.2222876098025498
-0.4807418084913685,-0.22887773656133392
-0.489210928640058,-0.23120640996676778
-0.4836873700541835,-0.23330400001943408
-0.4541351564468876,-0.2563717211063822
-0.46175249161258825,-0.26259115797963306
-0.4566542102444556,-0.23123578882929108
-0.46770194268995713,-0.20730636368936572
-0.46166791198074164,-0.24380599444185325
-0.4556338812715265,-0.19785213944923818
-0.449599850562311,-0.142476171996463
-0.45189666748046875,-0.14392340361182365
-0.45588044197328625,-0.13953652073494827
-0.46041057955834175,-0.13514963785807288
-0.48004901024603075,-0.1307627549811975
-0.4862967460386215,-0.1263758721043221
-0.4848793398949408,-0.12259875245355256
-0.5056523353822769,-0.1188216328027829
-0.5161373384537236,-0.14848919768831625
-0.5303138609855406,-0.1771988750097171
-0.47708252937563,-0.21910755669892723
-0.49709578483335437,-0.22204711306747515
-0.5133309518137286,-0.22571119621618474
-0.49999366268034906,-0.2060990214940921
-0.509462664204259,-0.2214493632909671
-0.5109439357634513,-0.21551096142821047
-0.5319846983878843,-0.22233703005966265
-0.5414928313224546,-0.22015418816561727
-0.5439184045278898,-0.21056293848142105
-0.546343977733325,-0.20700619825676303
-0.54876955093876,-0.2071698696459111
-0.5481047476491621,-0.1921961390556981
-0.5363852593206591,-0.16100990712939212
-0.5222467607067478,-0.182843943733481
-0.5081082620928364,-0.2254193813646611
-0.5154049165787236,-0.25045472709693717
-0.5205524813744329,-0.22553355658232277
-0.49963791139664193,-0.19785069707614278
-0.4924188121672599,-0.1916044624290656
-0.485199712937878,-0.18741193932680345
-0.49503492539928806,-0.20434304612192944
-0.5027866978799143,-0.21279375825948388
-0.5336499367990801,-0.2230659598734841
-0.5313108813378118,-0.22409232220246422
-0.5289718258765437,-0.23929804711792602
-0.5266327704152753,-0.26641109333702584
-0.524293714954007,-0.2926301718944341
-0.5140664500574912,-0.2733899776022233
-0.49422627110635076,-0.25505301252526436
-0.4762917795488911,-0.24984703253750773
-0.457764656313004,-0.23908776430348255
-0.43303791169197325,-0.2481033552938433
-0.4240749728295111,-0.25518692548002175
-0.418760484264743,-0.22581588213716575
-0.4174351230744393,-0.21544605463891475
-0.4161097618841356,-0.1807684447634873
-0.4234584685294859,-0.18675730437979365
-0.4122933418520035,-0.19274616399610023
-0.399611073155557,-0.1987350236124067
-0.4209854372086064,-0.19852489262671025
-0.4247420526319935,-0.17793038591223564
-0.42356121924615675,-0.20522069219333028
-0.41517122330204137,-0.2462276629547575
-0.4109803476641255,-0.2560444542424596
-0.4222748048843876,-0.2588108499251788
-0.4198481652044481,-0.28842542657804726
-0.42428022815335187,-0.3106095043580923
-0.4198481652044481,-0.2926010966894046
-0.42015850928521925,-0.27459268902071676
-0.412660414172757,-0.27978720593808304
-0.41307966170772425,-0.2849817228554493
-0.4026443727554814,-0.33095804850260413
-0.3922090838032384,-0.2755370638263759
-0.4008442048103579,-0.2292316493703358
-0.39475342535203506,-0.24094174513176303
-0.4037898073914231,-0.22613077495821676
-0.41282618943081095,-0.19200437934837533
-0.4218625714701991,-0.1908731223338872
-0.43726398098853325,-0.18974186531939907
-0.4661377937563004,-0.18861060830491094
-0.4631388264317666,-0.18747935129042292
-0.4778257800686744,-0.19972092358034044
-0.48133044089040444,-0.24445566964979792
-0.4848351017121346,-0.28159647320040426
-0.4883397625338647,-0.32299751547438593
-0.49184442335559475,-0.31616886575423664
-0.4953490841773248,-0.3371226751982276
-0.49137029340190275,-0.31949774898699856
-0.48739150262648057,-0.30187282277576954
-0.4993263982957409,-0.24502487562189057
-0.4917021720640121,-0.2696508910525498
-0.484833502000378,-0.2698774954572839
-0.4699214812247984,-0.24397513166588936
-0.46912733201057677,-0.21491685554162776
-0.46833318279635516,-0.24988498972423046
-0.46753903358213367,-0.27900331411788715
-0.46674488436791206,-0.2551955797185945
-0.46595073515369045,-0.26563775361473885
-0.46515658593946885,-0.27172661776566387
-0.46436243672524724,-0.2563325492896844
-0.46356828751102575,-0.26049554170067635
-0.4737876153761341,-0.2568218174265392
-0.4840069432412425,-0.23477225991623907
-0.49422627110635076,-0.1840047504178327
-0.49350633928852694,-0.19634394859200088
-0.5053445139238911,-0.20015143399214863
-0.510552252492597,-0.1920164497337531
-0.5120480752760364,-0.19293759474113803
-0.5135438980594758,-0.23323446245335822
-0.5150397208429152,-0.27938121586889775
-0.5165355436263546,-0.20801866825540272
-0.518031366409794,-0.20147613980876866
-0.5195271891932334,-0.18276446138448388
-0.5035377010222404,-0.18531055355546489
-0.49143095939390125,-0.20286992770522383
-0.4974979892853768,-0.19219067322080996
-0.48263082196635587,-0.19559520512671025
-0.46916690949470763,-0.21657945623445274
-0.4700732923323109,-0.2206442154462065
-0.470979675169914,-0.21419756685323388
-0.47188605800751715,-0.26018338179706935
-0.4727924408451203,-0.2408827470112006
-0.4881580106673702,-0.22158211222533164
-0.5035235804896201,-0.2022814774394628
-0.5079103285266506,-0.18298084265359404
-0.5122970765636814,-0.16368020786772508
-0.48618579679919827,-0.14437957308185634
-0.46007451703471525,-0.1291784789431748
-0.4725539915023311,-0.12881074971820583
-0.4812031407510081,-0.15498147081972946
-0.48009515577746975,-0.17474061576881217
-0.5003935906194872,-0.1710848072868082
-0.4927854230326991,-0.17154667033484916
-0.5031844723609187,-0.19347036181397703
-0.48734597236879407,-0.2166102015556981
-0.5102038844939201,-0.22041685189773785
-0.515059809530935,-0.22757808248795086
-0.5140664500574912,-0.2313255196187034
-0.5112048733618952,-0.2254429148204291
-0.520509781376008,-0.22605584747162621
-0.5070133824502268,-0.2012788383521844
-0.510856936054845,-0.21603051940007
-0.4888476094891948,-0.20881842617964863
-0.48226276520759825,-0.21701968368606184
-0.47159530270484185,-0.2104177142850202
-0.46092784020208544,-0.1937806238582478
-0.479355227562689,-0.214179347403607
-0.5084581682758946,-0.20472664145094843
-0.49888100162629156,-0.21997814273359761
-0.48383512804585116,-0.19161129472267568
-0.46878925446541075,-0.2164754535428327
-0.45189666748046875,-0.2558572493975435
-0.45973833145633825,-0.28122654245860546
-0.4512135905604209,-0.29840505419678953
-0.4569441272366431,-0.34728199213891475
-0.474472907281691,-0.350053587956215
-0.4778257800686744,-0.35282518377351524
-0.47633829424458163,-0.341984231673663
-0.4870724831857989,-0.324497659408038
-0.48929691314697266,-0.33173116048177087
-0.49152134310814644,-0.3323515327415656
-0.46175249161258825,-0.32909093448771765
-0.47638480894027213,-0.3124277295164801
-0.4592576796008695,-0.30910875310945274
-0.4389152526855469,-0.3223388064560012
-0.44003238472887274,-0.34173576392937655
-0.4411495167721984,-0.3005359706593983
-0.44226664881552424,-0.27303302821828357
-0.44338378085885,-0.27196331878206625
-0.44450091290217564,-0.23440741543746113
-0.4456180449455015,-0.22166480828280477
-0.45500847601121475,-0.2238368703358209
-0.4807418084913685,-0.2191329120996579
-0.47708252937563,-0.2188097446119014
-0.498167714764995,-0.23276652625544159
-0.49785527875346525,-0.24416719503070583
-0.4569441272366431,-0.25382274418921025
-0.4789385641774824,-0.22298678118198068
-0.48711381420012445,-0.23690833855624227
-0.49528906422276653,-0.2405561001146611
-0.5034643142454086,-0.292060206778607
-0.5030454451037991,-0.29962325214746577
-0.5026265759621897,-0.2983361239457012
-0.5022077068205802,-0.3126547134930815
-0.5017888376789708,-0.35568328401935634
-0.5013699685373614,-0.40346325926519744
-0.4957078503024194,-0.422467967170981
-0.48771039901241175,-0.43367869818388527
-0.4729289393271169,-0.4282458860482743
-0.46160888671875,-0.43291788433321676
-0.459930419921875,-0.4303787003702192
-0.44145719466670863,-0.4273339266800762
-0.43485309231665825,-0.4133549021251166
-0.44443253547914563,-0.41456771015527827
-0.44205364104240175,-0.42165446874514145
-0.4452231622511341,-0.42609090472928324
-0.4284220049458165,-0.4386447128371813
-0.43253252583165325,-0.47325157051655786
-0.42067546229208674,-0.4916097916180815
-0.42862578361265125,-0.4899970666686101
-0.4162139892578125,-0.4902230447797633
-0.4156928523894279,-0.4904490228909165
-0.413132083031439,-0.4520958288392024
-0.4076044636387979,-0.4274329190230488
-0.40950590564358624,-0.4047403667696673
-0.414962399390436,-0.3972630287284282
-0.41234576317571825,-0.3860579153791589
-0.420250472202096,-0.3466266233529618
-0.4281551812284735,-0.3660963067960976
-0.43605989025485126,-0.33860528291161385
-0.43726398098853325,-0.33792562152615824
-0.4076044636387979,-0.3426959036199212
-0.3995037694131175,-0.34746618571368426
-0.4243316650390625,-0.3522364678074471
-0.4361564267066217,-0.38319229961034673
-0.447981188374181,-0.39328169941309077
-0.46878925446541075,-0.3797459388846782
-0.47889217253654237,-0.3844129268209733
-0.5006600656817036,-0.4177122353321284
-0.4710513699439264,-0.4364541276770445
-0.5049044086087134,-0.4532279398903918
-0.4844212070588143,-0.48475406577140345
-0.4725539915023311,-0.5162801916524149
-0.459930419921875,-0.5478063175334267
-0.453843762797694,-0.5326276940492849
-0.46935567548198087,-0.5174490705651431
-0.477555921000819,-0.5022704470810013
-0.48575616651965725,-0.5092352871871113
-0.4939564120384955,-0.4632692099803716
-0.4858856201171875,-0.46901987559759795
-0.4834119735225555,-0.4878381378022
-0.4870724831857989,-0.47389327471529075
-0.48263082196635587,-0.48657887017548973
-0.48000274165984125,-0.4601990808894978
-0.48771039901241175,-0.5066939776216574
-0.4909786716584237,-0.5253498589814598
-0.48771039901241175,-0.5578636435133901
-0.4909786716584237,-0.5695508890484102
-0.47330364104240175,-0.5760164023631841
-0.4811109727428805,-0.5469733091136116
-0.47142742526146675,-0.543472214124689
-0.4782433048371346,-0.5605535554648632
-0.46694417153635337,-0.5470941647961365
-0.46916690949470763,-0.544323619127669
-0.4616567550166961,-0.5415530734592013
-0.45423224664503525,-0.5387825277907339
-0.461273685578377,-0.49231093677122206
-0.4596903401036416,-0.44583934575171025
-0.4484230779832409,-0.4171491784242848
-0.450333995203818,-0.39808434633473255
-0.4569441272366431,-0.34918873345673973
-0.4214499688917591,-0.32745285413751557
-0.4206349465154833,-0.3205915991939715
-0.41981992413920743,-0.31373034425042756
-0.4190049017629316,-0.3068690893068835
-0.41818987938665575,-0.30000783436333955
-0.4263807727444556,-0.2931465794197956
-0.4213126397901966,-0.28628532447625155
-0.4162445068359375,-0.30173837842039797
-0.42525506788684475,-0.31339290486046334
-0.434265628937752,-0.31999487426150497
-0.44327618998865925,-0.34870531072664024
-0.4522867510395665,-0.3784178169212531
-0.44130805230909775,-0.4040361850415889
-0.44403679140152474,-0.4024294573276197
-0.4589208787487399,-0.39415000801655786
-0.4448280334472656,-0.40281669654656405
-0.4767570495605469,-0.34313843380752485
-0.4696387014081401,-0.38015967221995495
-0.47666402016916587,-0.35534645194437964
-0.4836873700541835,-0.36878215732859143
-0.47076908234627013,-0.36586119998153765
-0.4814797678301411,-0.38060164570215327
-0.4771290440713206,-0.38277477055639775
-0.5003491678545552,-0.36647527134833646
-0.5046402100593813,-0.39337962895483525
-0.5191421508789062,-0.40430279632112875
-0.5442159714237336,-0.40537303715796025
-0.5429535527383127,-0.4278449063277363
-0.5340237771311114,-0.44288156993353545
-0.5356407780801096,-0.41752905394900497
-0.5303138609855406,-0.45408167293415735
-0.5188425125614289,-0.4302878308652053
-0.5112048733618952,-0.42904055770949934
-0.5101602615848664,-0.4198287280637827
-0.5146713256835938,-0.42965607144939366
-0.5137204816264491,-0.44529587475221544
-0.5129844296363093,-0.4096207500097171
-0.5243361073155557,-0.4130385669309702
-0.5272919439500379,-0.4202814054726368
-0.5432388551773564,-0.4237724797642646
-0.5260273102791079,-0.444780567985269
-0.5366744995117188,-0.46471348093516796
-0.5402958162369267,-0.5022537459188433
-0.5192277354578818,-0.5059336951716029
-0.49709578483335437,-0.47870951030977926
-0.5513217679915889,-0.4907228080787469
-0.5467704034620715,-0.5066598920679803
-0.5422190389325542,-0.39613547253964554
-0.528445182308074,-0.38023429604905157
-0.5146713256835938,-0.3849849416248834
-0.5423006857595136,-0.3942524924207089
-0.5438497604862336,-0.3762576734248678
-0.530397476688508,-0.40273653096820583
-0.516051261655746,-0.46711677816969843
-0.4841002802694997,-0.44215229850503346
-0.4789848327636719,-0.4171878188403685
-0.4718971252441406,-0.380381494019162
-0.4596422256961945,-0.4055704904432914
-0.4452231622511341,-0.3997496040306281
-0.43288630823935237,-0.42728640428229947
-0.42571553876323087,-0.41904050912430035
-0.4162139892578125,-0.418569384522699
-0.42397222211284025,-0.3942039831360774
-0.41150579144877775,-0.3890760431242226
-0.4136033827258695,-0.3288259174100202
-0.4230469734438004,-0.3036211307962142
-0.41527557373046875,-0.30257928193505135
-0.4072869823824975,-0.31750883035991917
-0.4042080294701361,-0.3346187155045087
-0.39896663542716737,-0.363745997794232
-0.3809478513656124,-0.3545179983869714
-0.38382573281565024,-0.34324881330651436
-0.3887174052576865,-0.31894755956545395
-0.3995037694131175,-0.29158923400575254
-0.39611139605122225,-0.25620827746035446
-0.4017004197643649,-0.23021443684895837
-0.418501207905431,-0.2352011002118315
-0.4076573771815146,-0.2415630283640392
-0.4101909514396421,-0.25958160855876866
-0.382997082125756,-0.2806398002662469
-0.39065203102686064,-0.25696605473608525
-0.3983069799279655,-0.28112284342447913
-0.40596192882907,-0.29479813457128423
-0.448472176828692,-0.2762552137991682
-0.4752198496172505,-0.30371055792813273
-0.46280448667464713,-0.3592128468983209
-0.4835019880725492,-0.46063308336248443
-0.5041994894704511,-0.4585783849308147
-0.4892563973703692,-0.48175299345557365
-0.4921086834323022,-0.49441805407775574
-0.4967826720206968,-0.5070831146999378
-0.5112048733618952,-0.4877761157590952
-0.4855199629260648,-0.49103064086306747
-0.4706750685168851,-0.5011248232713386
-0.4796791076660156,-0.4825800046398865
-0.47750066941784275,-0.4514182930562034
-0.47330364104240175,-0.432376463021805
-0.48000274165984125,-0.43749924085626557
-0.4634727970246346,-0.43139299231382155
-0.49323611105642007,-0.41317141708449934
-0.4848793398949408,-0.4188872380043144
-0.4807879540228075,-0.44253486899001093
-0.5112918115431262,-0.39943038409029075
-0.49359641536589594,-0.37927754720052087
-0.5115960644137475,-0.4593004065366527
-0.5150166788408833,-0.5053401206856343
-0.5091571807861328,-0.495995213143268
-0.4870268914007372,-0.4613923030113106
-0.4847876641058153,-0.45151394516674437
-0.5046402100593813,-0.4648233290335432
-0.510856936054845,-0.48021686610890857
-0.519869158344884,-0.43754501722345307
-0.5115526260868195,-0.4328897201006685
-0.530397476688508,-0.48664909097092657
-0.5417996068154611,-0.4908179287886738
-0.5275436216785061,-0.45843057964571676
-0.5132876365415512,-0.4862418862717661
-0.4992373681837513,-0.5455435378041433
-0.5115960644137475,-0.563656251821945
-0.5150166788408833,-0.5148673745530161
-0.514023196312689,-0.47911451349210976
-0.5092008036951865,-0.5182213474862019
-0.5130278064358619,-0.5486302162284282
-0.5006600656817036,-0.5352682237008317
-0.4836873700541835,-0.5267668007618159
-0.4961111622471963,-0.5104865078902363
-0.4953042307207661,-0.49598132081292756
-0.4927854230326991,-0.47460459239447295
-0.489210928640058,-0.5269066350377021
-0.5052565297772807,-0.5342291836714863
-0.49503492539928806,-0.5452511915520055
-0.4796328390798261,-0.5095460047176228
-0.44448200348884825,-0.538114253561295
-0.4080804394137475,-0.5623158317300218
-0.4061442344419418,-0.5460691689258784
-0.4042080294701361,-0.5592992981868004
-0.411085436421056,-0.5089622231858286
-0.408872788952243,-0.49315556009017414
-0.4193304738690776,-0.5478157309157339
-0.422944099672379,-0.5775923088415345
-0.41328922394783263,-0.5890643371278375
-0.426329581968246,-0.5985005317042715
-0.39562508367723037,-0.5951113534804007
-0.39394673993510587,-0.5917221752565298
-0.4189159024146295,-0.5442246773942786
-0.40335562921339463,-0.5106588335179572
-0.42000333724483363,-0.5380091880684468
-0.3975677490234375,-0.5548331796826415
-0.4197963591544859,-0.520853906128537
-0.4008977336268271,-0.4663141354992615
-0.408872788952243,-0.4997696757909671
-0.3917193258962324,-0.49493613171933304
-0.39783699281754037,-0.4899788472189832
-0.389100351641255,-0.4679141827483675
-0.416474373109879,-0.45895704582555974
-0.4316724961803805,-0.4410814123960277
-0.44403679140152474,-0.4374784403179416
-0.4573787566154234,-0.43387546823985546
-0.4562190886466734,-0.4564098908533505
-0.46883650748960437,-0.5137019370918843
-0.4596903401036416,-0.506054247196634
-0.455444582047001,-0.5018683286448616
-0.48184843986265125,-0.5274442100208593
-0.4804185436617944,-0.5530200913968568
-0.5012474213877032,-0.5785959727728545
-0.5080457272068146,-0.566281446770056
-0.5148440330259262,-0.5539669207672575
-0.48771039901241175,-0.5416523947644589
-0.5181139669110698,-0.5293378687616604
-0.5136772278816469,-0.517023342758862
-0.49260502476846013,-0.5047088167560634
-0.5029635275563886,-0.4923942907532649
-0.5010595014018397,-0.4786649485725668
-0.5132876365415512,-0.49897917942028136
-0.4927854230326991,-0.5391503329300762
-0.4815259133615801,-0.47600468118392414
-0.4851539980980658,-0.4797115691943463
-0.4752198496172505,-0.4834184572047686
-0.468505859375,-0.4871253452151908
-0.4751732118668095,-0.4908322332256131
-0.4957078503024194,-0.49453912123603516
-0.5024329154722152,-0.49824600924645746
-0.5202108813870338,-0.5019528972568796
-0.5180843414798859,-0.5132860022397776
-0.5159578015727382,-0.5246191072226757
-0.5138312616655903,-0.6284457913678677
-0.5117047217584425,-0.6937195127876243
-0.5095781818512948,-0.693404586754035
-0.5074516419441469,-0.6930896607204456
-0.49516960882371475,-0.6615509868261233
-0.46822221817508825,-0.6037283750315804
-0.45345490978610126,-0.6862397834436218
-0.44448200348884825,-0.6141906662366876
-0.4148057506930444,-0.6267666413416317
-0.41257019535187756,-0.6869154593244714
-0.4103346400107106,-0.7157360475454757
-0.41125645299111635,-0.7133409490632774
-0.4121782659715222,-0.7160024310818952
-0.4131000789519279,-0.6739123519973376
-0.41402189193233363,-0.6474801817936684
-0.42232636482484875,-0.619744409969197
-0.4336435871739541,-0.6264252164470616
-0.447981188374181,-0.6741173967200131
-0.44709328682191907,-0.7344060489787392
-0.44620538526965725,-0.739699767003605
-0.44403679140152474,-0.744993485028471
-0.42897704339796494,-0.7228744279092817
-0.41391729539440525,-0.7007553707900924
-0.42714715773059475,-0.6786363136709033
-0.39611139605122225,-0.7055262095892607
-0.4068102682790449,-0.5610666607149798
-0.38997465564358624,-0.6299002728058924
-0.4055903034825479,-0.6532464098574511
-0.3909022423528856,-0.7123722057437423
-0.3965433182254914,-0.6269669793731538
-0.38426713020570813,-0.6972246691955263
-0.3735766257009199,-0.6314072743379457
-0.3763824175762873,-0.5655898794803651
-0.379188209451655,-0.5476098089602983
-0.38199400132702244,-0.5296297384402315
-0.3847997932023899,-0.5116496679201648
-0.38760558507775755,-0.5971596561261077
-0.390411376953125,-0.6192726495847181
-0.3874024421938004,-0.6155002888162338
-0.4071810322423135,-0.6117279280477496
-0.415223398516255,-0.4920745394123134
-0.3965433182254914,-0.5383842050732665
-0.41391729539440525,-0.4844619978719683
-0.41140082574659775,-0.47577352191678324
-0.41600565756520913,-0.52162451293338
-0.4106120447958669,-0.5431328009610152
-0.4230469734438004,-0.5406593588454214
-0.41818987938665575,-0.5139043248114894
-0.4177225174442414,-0.5265461176782105
-0.4284220049458165,-0.5057321425101058
-0.42108868014427925,-0.5282963994723647
-0.4238694713961694,-0.5265099065220771
-0.4042080294701361,-0.5290933485647933
-0.4472930662093624,-0.5205932161701259
-0.4263807727444556,-0.4652151990292678
-0.43369416267641125,-0.4434242817892957
-0.43126727688697075,-0.43829451983247825
-0.4251521941154234,-0.45117847955048973
-0.4106120447958669,-0.46141803798390857
-0.4234584685294859,-0.506088180921564
-0.4230984103295111,-0.5722837685352534
-0.4147535754788306,-0.5594635136289581
-0.4038352966308594,-0.5466432587226628
-0.40041560511435237,-0.5338230038163674
-0.377609129874937,-0.5210027489100721
-0.37553286808793274,-0.5081824940037767
-0.37345660630092814,-0.46630525351756846
-0.3713803445139239,-0.3790844969488495
-0.3686089054230721,-0.3839269338470872
-0.37753905019452494,-0.3887693707453247
-0.38646919496597787,-0.3936118076435624
-0.3991278371503276,-0.3984542445417999
-0.3934585817398564,-0.4032966814400376
-0.4109803476641255,-0.4081391183382751
-0.40596192882907,-0.4129815552365127
-0.4004692569855721,-0.42601149829465956
-0.394380384875882,-0.4571229545631219
-0.375932385844569,-0.454567551019773
-0.36467666010702815,-0.45201214747642404
-0.3534209343694872,-0.4494567439330751
-0.35854302683184225,-0.4469013403897262
-0.35576703471522175,-0.44434593684637724
-0.3873475597750756,-0.4417905333030283
-0.4013259641585811,-0.4392351297596794
-0.399611073155557,-0.43667972621633044
-0.41140082574659775,-0.4185030401049562
-0.4097168214859501,-0.40032635399358185
-0.3882794534006426,-0.3821496678822076
-0.3913382253339214,-0.3926718128261282
-0.3925895690917969,-0.4031939577700486
-0.3878958917433216,-0.4137161027139692
-0.38249932565996725,-0.48104410503634176
-0.3825545772429435,-0.5050059456137282
-0.375932385844569,-0.5289677861911147
-0.36222371747416837,-0.5167253978216826
-0.3608733146421371,-0.5044830094522504
-0.35952291181010587,-0.4922406210828183
-0.3705333586662046,-0.47999823271338615
-0.37177522720829137,-0.5076012302987019
-0.38211182625063,-0.48702851100940614
-0.377609129874937,-0.4491564242994014
-0.4042080294701361,-0.5068811824665733
-0.396165294031943,-0.46704989760669313
-0.38877216462166075,-0.49191003296505753
-0.3834390947895665,-0.4438987466233286
-0.40590889223160287,-0.4466178223466003
-0.4063863446635585,-0.4493368980698721
-0.40850313248172887,-0.45205597379314366
-0.42397222211284025,-0.48261317922108204
-0.4161097618841356,-0.410867871336676
-0.4195375750141759,-0.47609767629139454
-0.40654533140120963,-0.48685066893721496
-0.4160577097246724,-0.49760366158303526
-0.4072869823824975,-0.5083566542288558
-0.405059076124622,-0.47210830005247206
-0.42510088028446325,-0.37533402324315923
-0.40537992087743624,-0.44689903449063273
-0.385658961470409,-0.39577753626885104
-0.38562415748514145,-0.3626038660457478
-0.385589353499874,-0.38536193240341265
-0.39084772909841226,-0.43346902268442944
-0.4295925017326109,-0.4119041784485774
-0.41730671544228826,-0.3604171525186567
-0.44768634919197325,-0.3442130776780161
-0.45345490978610126,-0.34187127108597637
-0.49138573677309094,-0.34196077413226833
-0.48184843986265125,-0.3411541839144123
-0.4866619725381175,-0.36599526476504196
-0.484467044953377,-0.3001901806883551
-0.47559295162077875,-0.29125073181455996
-0.4985690578337638,-0.2840823273160564
-0.5056523353822769,-0.2769139228175529
-0.5109439357634513,-0.3048011817742343
-0.5101602615848664,-0.33268844073091575
-0.5122473316807901,-0.3226524846470771
-0.5098115859493133,-0.34637959798177087
-0.5098115859493133,-0.38192657926189366
-0.5098115859493133,-0.40275581321906095
-0.5053005218505859,-0.4313102456467661
-0.4985244504867061,-0.43536255490127485
-0.5087640823856476,-0.41239435755791354
-0.4866619725381175,-0.3902861941513137
-0.49499001041535406,-0.38907201966243
-0.479355227562689,-0.43432298347131526
-0.48775592927009825,-0.3458471345664257
-0.4928305225987588,-0.38383605349716265
-0.4771290440713206,-0.4183594812801228
-0.49427124761766006,-0.4225687814589164
-0.4833660741006175,-0.4387651889478389
-0.4608422556231099,-0.38511209820040426
-0.46732305711315525,-0.4270251829232743
-0.4551054431546119,-0.4466592968992926
-0.4345509929041709,-0.4654525073606577
-0.44443253547914563,-0.47281217812305654
-0.45617072812972526,-0.43969445679318253
-0.471803234469506,-0.43558285841301303
-0.45077391593687,-0.4469737342341029
-0.4611778259277344,-0.4818434833887204
-0.46926141554309475,-0.4859187187840096
-0.46694417153635337,-0.5325662034067942
-0.46878925446541075,-0.5489451849638527
-0.4623265420236895,-0.5564418938227158
-0.46774919571415075,-0.5639386026815791
-0.4488647214827999,-0.5714353115404422
-0.4744261464764995,-0.4743535435614894
-0.462708996188256,-0.5050264424945585
-0.46770194268995713,-0.5072642463949782
-0.4589208787487399,-0.47393191513137434
-0.4829526101389239,-0.4684360181514303
-0.48993695166803175,-0.48576036140100276
-0.49642470575148057,-0.5350555875408116
-0.5109004359091482,-0.45509733133648167
-0.5063991546630859,-0.4865219343954058
-0.515059809530935,-0.576210059929843
-0.4961111622471963,-0.5954929940143034
-0.5252670165031187,-0.5592253575870647
-0.5157497159896358,-0.5174529421981888
-0.5191421508789062,-0.518732858534476
-0.5353509226152974,-0.5541912097836015
-0.5046402100593813,-0.5774005111770251
-0.5283013005410471,-0.5376971799935868
-0.5060039643318422,-0.5269811829524254
-0.5042436045985068,-0.5230777417842428
-0.4920635223388672,-0.4930306050314832
-0.4967379416188886,-0.49529614804395994
-0.47638480894027213,-0.49756169105643666
-0.5073639654344129,-0.49982723406891316
-0.4944112634146085,-0.5020927770813899
-0.48145856139480414,-0.5043583200938666
-0.4989270958849178,-0.5375695679318253
-0.5163956303750314,-0.5236016268753887
-0.5153617858886719,-0.5565255008526702
-0.5163956303750314,-0.5912187870462142
-0.5112048733618952,-0.5812940075622862
-0.5225541514735068,-0.6238049938904112
-0.5184569205007246,-0.6218166256425393
-0.5113502625496157,-0.6198282573946673
-0.5042436045985068,-0.6178398891467953
-0.5013699685373614,-0.6158515208989234
-0.48263082196635587,-0.6138631526510514
-0.4807418084913685,-0.6118747844031794
-0.4707220754315776,-0.6098864161553075
-0.46394975723758825,-0.6078980479074354
-0.4600265256820186,-0.6059096796595635
-0.456534642045216,-0.5526315110239817
-0.453042758408413,-0.513501902717856
-0.4495508747716104,-0.4808242570108442
-0.45286080145066787,-0.47851926888992535
-0.45617072812972526,-0.47350869249941696
-0.45617072812972526,-0.5097433061742072
-0.453065687610257,-0.5096549418435168
-0.45704072521578876,-0.49544081047399724
-0.4888021407588836,-0.5212182192067009
-0.48184843986265125,-0.5411777781016791
-0.485199712937878,-0.5571842098710549
-0.4946756670551915,-0.5700876416258551
-0.4841002802694997,-0.5235238146426073
-0.4700157411636845,-0.4811266998746502
-0.49143095939390125,-0.5043290171457167
-0.4859313349569997,-0.5031253947547419
-0.4680330830235635,-0.49549842948344214
-0.4696387014081401,-0.5104008005626166
-0.471803234469506,-0.5157964146552394
-0.46883650748960437,-0.5251225713473647
-0.4596903401036416,-0.539692968871463
-0.4631388264317666,-0.523664256233481
-0.4778257800686744,-0.5393969028150265
-0.48004901024603075,-0.5906838184565454
-0.48189446233933975,-0.6209456790145951
-0.491792494250882,-0.6177561366142919
-0.4851539980980658,-0.6145665942139886
-0.5035377010222404,-0.6113770518136854
-0.48816557853452625,-0.6081875094133823
-0.5091571807861328,-0.6049979670130792
-0.5147145179010206,-0.601808424612776
-0.5024329154722152,-0.6026104220110385
-0.48993695166803175,-0.6019367199038985
-0.4811571182743195,-0.5862900083930931
-0.47212403820407,-0.545992039922458
-0.4630909581338206,-0.5301673851202969
-0.4676545666110131,-0.4605688598025498
-0.469544441469254,-0.4420612898236681
-0.47090850337859125,-0.4235537198447865
-0.4722725652879284,-0.4050461498659048
-0.491792494250882,-0.3865385798870231
-0.498167714764995,-0.36803100990814164
-0.4982122605846774,-0.37074693940238046
-0.49718518410959556,-0.3734628688966194
-0.5049044086087134,-0.3761787983908582
-0.5073639654344129,-0.3837757774846471
-0.5000381469726562,-0.398226609870569
-0.49999366268034906,-0.41497650905628114
-0.5143257879441785,-0.41082513154442635
-0.5228940286943989,-0.42531984243819965
-0.5188853356146044,-0.4499377350309002
-0.5300208060972152,-0.48065223504061727
-0.5563849172284526,-0.4734290583216729
-0.5572134224900053,-0.46744406021649554
-0.558041927751558,-0.4614590621113185
-0.5588704330131105,-0.4554740640061411
-0.5596989382746631,-0.44948906590096394
-0.5605274435362159,-0.44350406779578666
-0.5613559487977685,-0.4146632863514459
-0.5621844540593213,-0.36255300341553953
-0.5630129593208739,-0.3622467648330613
-0.5638414645824263,-0.3202551846480488
-0.5646699698439791,-0.33102166474755135
-0.5654984751055318,-0.35851246088891475
-0.5391053845805507,-0.3356667134299207
-0.5381179932625063,-0.3325236306261661
-0.5350385033839609,-0.31346790826142723
-0.5319590135054155,-0.36461840577386506
-0.5288795236268701,-0.3480450075064132
-0.5258000337483247,-0.29484778257151745
-0.5227205438697793,-0.26976119463716575
-0.519641053991234,-0.27414972865166354
-0.5165615641126884,-0.2590455012534981
-0.513482074234143,-0.26590036673727724
-0.5104025843555977,-0.27275523222105613
-0.5073230944770521,-0.27961009770483525
-0.5042436045985068,-0.3130905379110308
-0.5363025665283203,-0.34645118523592977
-0.5399676907447077,-0.3844555906988495
-0.5451505107264365,-0.37990425831049834
-0.546462643531061,-0.3753529259221471
-0.5477747763356855,-0.3708015935337958
-0.54908690914031,-0.3662502611454447
-0.5503990419449345,-0.3616989287570934
-0.5471759303923576,-0.35714759636874227
-0.5323181767617502,-0.3478348006063433
-0.5435648272114415,-0.3558556096470771
-0.5174703290385585,-0.3591120326103856
-0.5077581098002772,-0.3167862773534671
-0.5119869478287236,-0.30694769864058613
-0.5070133824502268,-0.2971091199277053
-0.5106435206628614,-0.2872705412148243
-0.5142736588754961,-0.27743196250194346
-0.5179037970881308,-0.2675933837890625
-0.5215339353007655,-0.25775480507618154
-0.5251640735134002,-0.24791622636330068
-0.5287942117260349,-0.2708323464464786
-0.5324243499386695,-0.2884192015994248
-0.5360544881513042,-0.3305982143724736
-0.5442159714237336,-0.3233726843079524
-0.5680595521003969,-0.34590953618139775
-0.5782805412046371,-0.35433884046564057
-0.5806484222412109,-0.37853984927656636
-0.5830163032777848,-0.40274085808749227
-0.5853841843143586,-0.3547345061800373
-0.5488707019436744,-0.3455247262224036
-0.5478469684559812,-0.3337828982528762
-0.5547907566084229,-0.28765292191386815
-0.5617345447608648,-0.30183888905083955
-0.5686783329133065,-0.30739809861823697
-0.5817521618258569,-0.30110601168959883
-0.5921968644665134,-0.3112359497677627
-0.5997428894042969,-0.35704359367712224
-0.6131390602357926,-0.4104681062461132
-0.6209696492841167,-0.41379573689171334
-0.6231722062633884,-0.4212690514711598
-0.6225538561421056,-0.518605322387088
-0.6209871640769384,-0.4914082009993975
-0.6194204720117713,-0.46421107961170704
-0.6178537799466041,-0.47026608595207553
-0.6187560789046749,-0.4448571655880752
-0.6181663390128843,-0.43154117717078666
-0.6114859427175214,-0.4421174158504353
-0.6228288219821069,-0.4476910491487873
-0.6120493488927041,-0.4591520698509406
-0.6091898026004914,-0.4718647667424596
-0.5903923896051222,-0.501840771727301
-0.6108512878417969,-0.45828383716184706
-0.6058294937907276,-0.4737601968186411
-0.6008076997396583,-0.578913674425723
-0.595785905688589,-0.5853933078139575
-0.5907641116375197,-0.5667871503687616
-0.5857423175864506,-0.5604942283820157
-0.5895389316635015,-0.5376529219138682
-0.5933355457405525,-0.5744156718847171
-0.5971321598176034,-0.6127846561261077
-0.6471924320344002,-0.5817194696682603
-0.6495591440508443,-0.5563315775857043
-0.658975587523539,-0.4992618845469916
-0.6683920309962338,-0.5013981150157416
-0.6778084744689286,-0.5277625695982976
-0.6763333146290111,-0.5235563059944419
-0.674858154789094,-0.5234242908990205
-0.6665494980350617,-0.522364450331351
-0.6660519261513986,-0.5377649715290733
-0.6622704536684098,-0.6050493230867149
-0.6594675125614289,-0.5506067228554493
-0.6453680838308027,-0.5953379009493548
-0.6435033121416646,-0.6935076357713386
-0.6632424631426411,-0.6904178195529513
-0.6374620006930444,-0.6873280033345641
-0.6427157617384387,-0.6842381871161769
-0.6406086337181829,-0.6771104663956422
-0.648070058514995,-0.6699827456751075
-0.6555314833118069,-0.6628550249545728
-0.6454660354122039,-0.6557273042340381
-0.6729033685499621,-0.6485995835135034
-0.6778035932971584,-0.6414718627929688
-0.7116885031423261,-0.6754530721635961
-0.7450199127197266,-0.6811582176246453
-0.7444050081314579,-0.6868633630856946
-0.7537575075703282,-0.6715061320594294
-0.7631100070091986,-0.6056219831627994
-0.7724625064480689,-0.5761733553302821
-0.7818150058869393,-0.5364092926480877
-0.7911675053258096,-0.4952713695924673
-0.7828986721654092,-0.4750221973627954
-0.7746298390050088,-0.4368304352262127
-0.7487396732453377,-0.4284664932175062
-0.742712297747212,-0.4356133000767646
-0.7366849222490864,-0.3903788639114695
-0.7574133103893649,-0.34514442774617426
-0.7588888291389712,-0.29990999158087916
-0.7603643478885773,-0.2889863077257234
-0.7618398666381836,-0.2780626238705678
-0.7828041353533345,-0.26713894001541205
-0.8037684040684854,-0.2562152561602562
-0.8051660394155852,-0.2567284897418136
-0.8065636747626849,-0.25724172332337103
-0.8299393465869316,-0.25775495690492845
-0.8533150184111784,-0.26596551934454393
-0.8330594613133365,-0.27417608178415964
-0.8128039042154949,-0.28238664422377513
-0.8510573166672902,-0.2905972066633906
-0.8571394995060935,-0.2988077691030061
-0.8632216823448967,-0.3070183315426217
-0.8639419935815346,-0.3152288939822373
-0.8646623048181724,-0.31550255987605225
-0.8653826160548104,-0.3157762257698671
-0.8661029272914482,-0.31604989166368214
-0.8614613669259208,-0.3163235575574971
-0.8568198065603934,-0.31659722345131214
-0.8521782461948659,-0.31687088934512697
-0.8475366858293383,-0.317144555238942
-0.842895125463811,-0.317418221132757
-0.8382535650982835,-0.3176918870265719
-0.833612004732756,-0.31796555292038686
-0.8289704443672286,-0.3182392188142019
-0.8243288840017011,-0.31851288470801686
-0.8110347255583732,-0.3187865506018318
-0.7810420989990234,-0.31906021649564675
-0.759489490139869,-0.2838806607829991
-0.7447125834803427,-0.25968971062655477
-0.7251671206566594,-0.2363786080583411
-0.7035833174182522,-0.2143413486765392
-0.7035833174182522,-0.17707073154734143
-0.6967032032628213,-0.14552269171719523
-0.6904106755410471,-0.2499483782260572
-0.6928691864013672,-0.2243666767480954
-0.6843783470892137,-0.20274747782085667
-0.6727809290732107,-0.2111556779092817
-0.6594675125614289,-0.20081917682097328
-0.6593937822567519,-0.1769772809536303
-0.659320051952075,-0.19201045249825088
-0.6592463216473979,-0.16795425035467193
-0.65886628243231,-0.12311231318990978
-0.6584862432172222,-0.1737351298925296
-0.6581062040021343,-0.11238948385513836
-0.6577261647870464,-0.12217727585218441
-0.5862040365895917,-0.16437670959169004
-0.5735615145775579,-0.15241510951103854
-0.5826909465174521,-0.1696306674634639
-0.5873939760269657,-0.19225413763701027
-0.5873939760269657,-0.18158095630247206
-0.5750510308050341,-0.1569755895813899
-0.5742113051875946,-0.13685289069787776
-0.5772195016184161,-0.1422716586744014
-0.5649534040881741,-0.12764584365768816
-0.5677111225743448,-0.11052358447022703
-0.5621706439602759,-0.09525743171350276
-0.5566301653462071,-0.054241123484141784
-0.5510896867321384,-0.05451274511232895
-0.5455492081180695,-0.06114462477650806
-0.5400087295040008,-0.028181768768462345
-0.5408827135639807,-0.08835962399914488
-0.5417566976239604,-0.058313322304493154
-0.5426306816839404,-0.06858992695215327
-0.5435046657439201,-0.04610773342758867
-0.5443786498038999,-0.02640544834421643
-0.5869480871385144,-0.049555916098219854
-0.5982581107847152,-0.03551798198946676
-0.5573268705798733,0.011888570453397085
-0.5728056353907431,0.0020333664927316697
-0.5882844002016129,-0.0015297505392957156
-0.6057415008544922,0.005990630951686837
-0.6231035417126072,0.012950157051655697
-0.6265110200451267,0.02900900769589554
-0.6299184983776462,0.033038238980876766
-0.6457174670311712,0.04376258660311727
-0.6504330635070801,0.0600232176519746
-0.655148659982989,0.06236168401158282
-0.6560722474128969,0.07229340966068087
-0.6569958348428049,0.07935686253789642
-0.6632738421040196,0.11757101941464554
-0.6433065475956086,0.10406888895366917
-0.6439452325144122,0.10860887214319037
-0.6445839174332157,0.07875804996016011
-0.6414883644350113,0.09823532484064046
-0.6383928114368069,0.13233545407726988
-0.6352972584386025,0.10130332832905786
-0.6322017054403982,0.0907216238145212
-0.6291061524421938,0.08176585335043529
-0.6481990198935232,0.07424911574937809
-0.68639890609249,0.07785064545436882
-0.6702624290220199,0.09397166997046025
-0.6477447017546623,0.12164033348880587
-0.6621529056179908,0.09982132793065923
-0.6765611094813193,0.1115511614291822
-0.6416963761852634,0.1099316041861007
-0.6415811046477287,0.1587284524642414
-0.6414658331101941,0.12916800275963936
-0.6583143049670803,0.08060436343672261
-0.6751627768239667,0.08948528232859143
-0.6694606657951109,0.11433418235968595
-0.6614849951959425,0.17818606552199934
-0.6703652720297537,0.22532752497279218
-0.6702676434670725,0.18310212851756846
-0.6701700149043914,0.19664251982276126
-0.6605089249149445,0.16523218866604483
-0.6544778885379914,0.14157195589435645
-0.64369995363297,0.1454423743100901
-0.6088355279737903,0.16194433715213008
-0.6120846040787236,0.16636392014536683
-0.6155898186468309,0.15262508866798807
-0.6041328676285282,0.15953906614389002
-0.6088355279737903,0.17516482528762434
-0.6040611882363596,0.17499902829601988
-0.5982943504087387,0.1950631971976058
-0.5888400539275138,0.22687587453358216
-0.5835558368313697,0.22643131996268662
-0.5840533471876574,0.20385438530006228
-0.5845508575439453,0.1952230728680815
-0.5850483679002332,0.18778725998911683
-0.6058129341371598,0.18209292283698697
-0.6139456841253466,0.1825016458236164
-0.612647210398028,0.1959087314890391
-0.628020748015373,0.2053224174537469
-0.6200371403847971,0.21235436586598255
-0.623206538538779,0.21109904578669147
-0.6217279741840978,0.20603100221548498
-0.6228631542574975,0.20422758035991917
-0.6189640414330266,0.21831151857898012
-0.6131741308396863,0.21928929570895517
-0.6115916467482043,0.2629443116449004
-0.6193451419953377,0.24816089838891475
-0.6331528079125188,0.2483591867323538
-0.6057415008544922,0.23278854142374072
-0.6051519455448273,0.21450729749689046
-0.6045623902351626,0.15716279442630587
-0.6119790231027911,0.160099466048663
-0.5969139837449597,0.1266450644725592
-0.6014750695997668,0.11658018501243772
-0.5959890734764837,0.17034244062888693
-0.6162147829609532,0.17837645877060004
-0.6364404924454228,0.11395825438238494
-0.6443053368599184,0.11659233131218905
-0.6521701812744141,0.15558666020483525
-0.6368299914944556,0.16830307690065305
-0.6417951276225429,0.17875284223414178
-0.6549571252638293,0.18481718604244413
-0.6589616960094822,0.17549080160719832
-0.6639934662849672,0.1902131797069342
-0.6600043389105028,0.18105061848958326
-0.6520737063500188,0.18414686212492226
-0.6548931983209425,0.18980840426772394
-0.6518487007387223,0.18284629707905786
-0.6485232076337261,0.17222192868664488
-0.6443221184515184,0.17888053021027672
-0.6492680580385269,0.1890916207536537
-0.6476798519011466,0.2054068342370181
-0.6401463170205393,0.22034374635610998
-0.644812737741778,0.23869316139031405
-0.6445839174332157,0.26417123974852297
-0.6379603109052104,0.28146726693680035
-0.646639423985635,0.2777104164237407
-0.6387564751409716,0.31061398330612566
-0.6403444966962261,0.3030579220596237
-0.6360969543457031,0.3097399052102767
-0.6315722311696699,0.31644041146805035
-0.6275110552387853,0.3246786392743315
-0.6294109590591923,0.3189880978408737
-0.6336895727342176,0.32377844663401745
-0.6347945428663684,0.329728463395911
-0.638259026312059,0.3300169380150031
-0.6419267346782069,0.3282617977009483
-0.6450741675592238,0.3389676981304415
-0.6432408978862147,0.33769203299906714
-0.6403774753693612,0.34538064074160446
-0.6350620638939641,0.34687767218594523
-0.6334213133781187,0.34433985468166983
-0.6305266964820124,0.3438647825326493
-0.6323464301324659,0.3424239277246579
-0.6328841793921687,0.33697889337492226
-0.633454845797631,0.3337564800509172
-0.6266603162211757,0.34867152883045716
-0.6068820338095389,0.3573934830243315
-0.6264559222805884,0.3454752300509172
-0.6395508345737252,0.32114011849930035
-0.652645746866862,0.3222979645230877
-0.6657406591599988,0.32921528223142094
-0.6543819673599736,0.34129826939521135
-0.6458575341009325,0.35274888982820274
-0.6411363540157196,0.37539763948810645
-0.6331528079125188,0.381129781998212
-0.6400801750921434,0.3868894055115051
-0.6414329159644343,0.4208348212550528
-0.637694574171497,0.4154079456234452
-0.6285977517404864,0.4099810699918376
-0.6170191611013105,0.4045541943602302
-0.6048620080435148,0.3991273187286226
-0.6043326724624785,0.393700443097015
-0.6038033368814424,0.3882735674654072
-0.6032740013004061,0.3828466918337996
-0.60274466571937,0.3774198162021922
-0.6022153301383337,0.37199294057058463
-0.6016859945572975,0.36656606493897703
-0.6034822224716132,0.3439311316950404
-0.605278450385929,0.33426935755791365
-0.6070746783002445,0.3238082050684079
-0.6088709062145603,0.33493209003809077
-0.6488162009946762,0.29977037420320274
-0.6598834991455078,0.2826799231382151
-0.6565117989816973,0.25424528359180654
-0.6531400988178868,0.25552459261310645
-0.6353294003394343,0.2668174629780784
-0.6324137410809917,0.2801272264167445
-0.6353627481768208,0.3104767301189366
-0.6664950155442761,0.27127409218555654
-0.6650252957497873,0.273323932097326
-0.6635555759552987,0.2471406092098103
-0.652908694359564,0.23327454524253732
-0.6438310069422568,0.22614360448732906
-0.6178884813862462,0.2098624006432681
-0.6505280156289377,0.14540138054842977
-0.6342257222821636,0.12483890969954903
-0.6427814729752079,0.1643418648942787
-0.6541901250039377,0.1637035768423507
-0.6768038349766885,0.15014557340251855
-0.6768038349766885,0.15913945288207398
-0.6622391362344064,0.14648817071867226
-0.6448781413416709,0.1607992447430815
-0.6434024380099389,0.14998296481459894
-0.6419267346782069,0.09611913576648012
-0.6371626700124433,0.08115527404481493
-0.6531011519893524,0.06779851960898631
-0.6692754683956024,0.0848576939521144
-0.6721679933609501,0.08484084096120958
-0.6802173737556704,0.07204000748212058
-0.6682861697289251,0.10037747663051921
-0.6594991376323085,0.0955622279228856
-0.6788009520499937,0.0857499914975901
-0.6789820271153604,0.08748478675956162
-0.6632424631426411,0.06992472938044147
-0.6697383388396232,0.05588231632365526
-0.6627410765617124,0.05263955794756692
-0.6632424631426411,0.05247649387340636
-0.6612647887199156,0.043916389123717314
-0.6600718728957637,0.036173047117926016
-0.658878957071612,0.028429705112134718
-0.6576860412474601,0.08119839340893198
-0.6564931254233084,0.07670555304532023
-0.7114352410839451,0.0722127126817087
-0.7131140828132629,0.021072995010300133
-0.7147929245425808,0.015125382203565518
-0.7029004866077053,0.009177769396830904
-0.7183203543386152,0.003230156590096289
-0.7063031350412676,0.04682079713735998
-0.6992393616707094,0.08057604737542756
-0.6870639862552765,0.11154736571050994
-0.6903746974083684,0.09148380412391166
-0.6936854085614604,0.1204689747065455
-0.7112703631001134,0.1152603377157182
-0.6983189736643145,0.09428868839396776
-0.7374189438358429,0.09076717243858834
-0.7425543262112525,0.06870516497104329
-0.7415223890735256,0.05496147497376391
-0.7148523023051601,0.09929539315143043
-0.7359840331539031,0.0735496407124534
-0.7300139642530872,0.06691411715834894
-0.7240438953522713,0.10474513419231957
-0.7180738264514553,0.129848043716962
-0.7121037575506395,0.15099900278879042
-0.7061336886498235,0.17456419076492535
-0.7159014671079574,0.17693894419504042
-0.7201249522547568,0.14911511169737257
-0.7435835561444682,0.11605030268578975
-0.7306507479759954,0.10858488320118154
-0.7006448315035912,0.11599442970693419
-0.707665628002536,0.085862496599036
-0.7146864245014806,0.09546581666860998
-0.7133568179222844,0.12182040238261815
-0.7085979523197297,0.14119023818084075
-0.7038390867171749,0.16056007397906313
-0.7083310773295741,0.1799299097772853
-0.6704471957299016,0.16375569661458322
-0.6806636318083732,0.14758148345188116
-0.6908800678868448,0.1314072702891791
-0.6780611468899634,0.11523305712647702
-0.6652422258930821,0.09905884396377496
-0.6892935845159716,0.09131102300995031
-0.6854789487777218,0.08584143036040492
-0.6091898026004914,0.08037183771085976
-0.6095967138967207,0.04007831023107111
-0.6100036251929499,-0.0002152172487173143
-0.5768777785762664,0.014378334159281803
-0.5908810400193738,0.028971885567280697
-0.6048843014624812,0.043565436975279814
-0.5765737718151462,0.01574858859996886
-0.5817145070722026,0.09875920993178644
-0.5770467122395833,0.07472080021948369
-0.572378917406964,0.05068239050718093
-0.5677111225743448,0.026643980794878175
-0.5626887044598979,0.0026055710825754197
-0.5435240960890246,-0.021432838629727335
-0.5256050479027532,-0.04547124834203009
-0.5256050479027532,-0.06950965805433285
-0.5157065852995841,-0.0509680515498071
-0.47228088686543124,-0.03242644504528136
-0.47391360036788444,-0.008154380380810844
-0.47554631387033774,0.016117684283659894
-0.46136942217426913,0.02740136900944501
-0.46184798209897937,0.038685053735230124
-0.4623265420236895,0.0222051060614894
-0.4445313484438004,0.046973612771105344
-0.4258253958917433,0.07174211948072129
-0.4071194433396862,-0.0021622311416550355
-0.4462098152406754,-0.07606658176403136
-0.41579707976310487,-0.08814478632229472
-0.40950590564358624,-0.07889970618100905
-0.4198031886931388,-0.025161894992809408
-0.4301004717426915,-0.0029419856284981227
-0.40699066654328375,0.03692968567805499
-0.3981002069288685,0.02077852315570583
-0.3892097473144531,0.0030827308768657247
-0.40250199840914813,-0.05215666661808149
-0.4178961476972026,0.0031573547059624563
-0.433290296985257,0.019691783595045642
-0.41150579144877775,0.017539497236312096
-0.42150152883222025,0.015387210877578328
-0.427954560966902,-0.005451790728972283
-0.4344075931015834,-0.06366422283115669
-0.4408606252362651,-0.07929567555289951
-0.4350740371211883,-0.10699580557903843
-0.4292874490061114,-0.13469593560517723
-0.42120930456346084,-0.12081969911186252
-0.4131311601208102,-0.10694346261854792
-0.40505301567815966,-0.10733707864486164
-0.3969748712355091,-0.10773069467117535
-0.39875165877803675,-0.11296362426150497
-0.39659721620621224,-0.11819655385183458
-0.394380384875882,-0.1234294834421642
-0.3641695822438886,-0.07987011961675994
-0.3632539933727633,-0.07336904041802705
-0.3623384045016381,-0.05487865239233525
-0.3631126122540592,0.0015041673954445667
-0.36388682000648054,-0.03562737460160137
-0.36466102775890163,-0.05803881593011506
-0.36543523551132273,-0.02486203321770053
-0.36620944326374383,0.00906129144317469
-0.36698365101616515,-0.03494528395619556
-0.36775785876858624,-0.0688702028189132
-0.38039275138608875,-0.058537345620530146
-0.38172408073179187,0.02289311802802385
-0.38877216462166075,0.017719857135222394
-0.3956791047127016,0.012546596242420716
-0.40792182184034775,-0.0009152236862561836
-0.4137079792637979,-0.04734468222850596
-0.4034621946273311,-0.006566669217389576
-0.4003619532431325,-0.017873735570195892
-0.4053779109831779,-0.05044775815745495
-0.4090839509041079,-0.06343625196770053
-0.41438785676033263,-0.058810637364933194
-0.4275554533927671,-0.05943161693971544
-0.4356579934397051,-0.00759265197450254
-0.42678956062563,0.03411576759755919
-0.43485309231665825,0.007701057699782243
-0.4522867510395665,-0.00913849636096864
-0.4619918331023185,-0.050139166229399845
-0.46978009131646925,-0.10504795662799282
-0.47330364104240175,-0.13268094039081935
-0.47573274181735126,-0.11414971043221389
-0.45949800552860387,-0.07914604832283889
-0.4489627961189516,-0.09101677889847637
-0.4496488263530116,-0.06706647730585358
-0.4573787566154234,-0.03868049887282343
-0.45699236469884075,-0.01028708083119556
-0.47264775922221525,-0.033336582468516784
-0.4931910730177357,-0.0484477939890392
-0.4930137665041031,-0.050262147514381184
-0.49283645999047065,-0.033760146715154704
-0.48037239813035537,-0.017258145915928225
-0.4849004027664021,-0.0706998151333178
-0.48942840740244875,-0.051708430200073874
-0.4939564120384955,-0.03271704526682995
-0.4882551777747369,-0.06454642376496422
-0.48255394351097847,0.03208274271950784
-0.4676545666110131,-0.025362176088551402
-0.4744261464764995,-0.08280709489661064
-0.4811109727428805,-0.08419963020590404
-0.43793524465253275,-0.08559216551519744
-0.394759516562185,-0.10009150718575088
-0.4230469734438004,-0.035562847384172924
-0.38745732461252524,-0.00496419270833337
-0.3754283535865045,0.01816722053793529
-0.3580813254079511,0.028738600697683525
-0.3483575390231225,0.03227712147271444
-0.3446468230216734,0.02754849106518198
-0.375932385844569,0.008416247012010158
-0.3713238623834425,0.03526192280783591
-0.3691755725491431,0.027647331579407686
-0.3686089054230721,0.01421967311878114
-0.3437006550450479,-0.006039064321945009
-0.3357524871826172,-0.01855544664373443
-0.3278043193201865,-0.021925513424090437
-0.35111064295614924,-0.03357814200481968
-0.3263432902674521,-0.03239835672710667
-0.33882744081558724,-0.034968361925722946
-0.33234153255339594,-0.01015969651255444
-0.3258556242912046,-0.03316691384386661
-0.33119927683184225,-0.06889760790772703
-0.33319091796875,-0.039590788124805654
-0.34697104013094326,-0.03860929119053169
-0.36075116229313686,-0.05836744925275961
-0.3745312844553301,-0.05233855745685634
-0.34653460594915575,-0.045443027173701855
-0.34929620065996725,-0.01912776510513836
-0.346283451203377,-0.022149460825754086
-0.34327070174678675,-0.010476714936061837
-0.3402579522901966,-1.1766727884054973e-05
-0.3731267375330771,-0.005835765629858547
-0.4021280350223664,-0.030520462871190923
-0.397459953061996,-0.040712422992459585
-0.42108868014427925,-0.027233598244130963
-0.41517122330204137,-0.02609214972500773
-0.41863480434622813,-0.022825174663790415
-0.4220983853904151,-0.04500386252332089
-0.42556196643460187,-0.06173015233889145
-0.4456180449455015,-0.07576019135280632
-0.4356579934397051,-0.04196956501671334
-0.45563511694631265,-0.03999822056708646
-0.4756122404529203,-0.05151761942241917
-0.4634685516357422,-0.08406750123892259
-0.46805301789314513,-0.06321351919601215
-0.4726374841505482,-0.11251056728078357
-0.4772219504079511,-0.12235392859919159
-0.4452231622511341,-0.11649311122609607
-0.468080336047757,-0.05600484212239587
-0.47142742526146675,-0.026497684307952407
-0.4841461796914378,-0.018484466704563163
-0.4721786745132939,-0.0073855575637438164
-0.4475880284463206,-0.011987335053249337
-0.457764656313004,-0.032545782440337345
-0.4712620601859143,0.0027203915724114403
-0.48475946405882475,0.037986565585160115
-0.4982568679317352,-0.0123407923760106
-0.5249286774666079,-0.031894361201803445
-0.5168257682554184,-0.05306004766208028
-0.5326931245865361,-0.04104356148942789
-0.5412045140420236,-0.04214796379430974
-0.5497159034975113,-0.048931672205379306
-0.5474184097782258,-0.03153688041724967
-0.5541589183192099,0.007040602650808525
-0.5499973297119141,0.020167336535098057
-0.524293714954007,0.031694478656522085
-0.5229790595269972,0.0027122687344527385
-0.5112484347435735,-0.010858943806358878
-0.5262636061637632,0.013870542915306316
-0.5412787775839529,-0.015287940181902937
-0.5263648494597404,0.01360066731770826
-0.5198263968190839,0.03213713536808149
-0.5233186291110131,0.02565344056086749
-0.5256050479027532,0.015258940891246908
-0.5146713256835938,0.02646496521299757
-0.5129351051904822,0.05295380549644357
-0.5111988846973705,0.07944264577988958
-0.509462664204259,0.01073748080884629
-0.5324015463552167,0.016955095737134718
-0.5245901538479713,0.021012946740904814
-0.5122473316807901,0.01590079691872659
-0.5136339126094696,0.0214444440395678
-0.5283852854082661,0.0007161761990828186
-0.5177707672119141,-0.004715649049673476
-0.49503492539928806,-0.014982536657532686
-0.4974533204109438,-0.03031731600785137
-0.5049044086087134,-0.031910910535214554
-0.5142600151800341,-0.05712268127137754
-0.5236156217513546,-0.04732957526819026
-0.5516422640892766,-0.014732322882657023
-0.5512816521429247,0.0019784044863573325
-0.5431981240549395,0.009598613378420495
-0.5249710083007812,0.002209867410991828
-0.5006600656817036,-0.041847418789839885
-0.5227428559334047,-0.0708113333479089
-0.5448256461851059,-0.07590526372046025
-0.5018130886939265,-0.06723037643812191
-0.501436295047883,-0.05855548915578357
-0.5010595014018397,0.04983846939618308
-0.5122473316807901,0.05298534791860998
-0.5433768713346092,0.06048363832692005
-0.5745064109884284,0.024808437670048145
-0.5697104341240339,0.012519342982353798
-0.5649144572596396,0.016967545694379638
-0.5483870967741935,0.023716409408037986
-0.5435240960890246,0.03457983216242999
-0.5232337828605406,0.05944444646882774
-0.5147145179010206,0.087890625
-0.5215329816264491,0.0763303082973803
-0.5313170648390246,0.08422813605313273
-0.5409513904202369,0.06643950049556913
-0.5451505107264365,0.058793708459654814
-0.5637518667405652,0.011514843992926016
-0.5598300118600168,0.01788276938063582
-0.5559081569794686,0.006146331331623234
-0.5519863020989202,0.01016971720984916
-0.548064447218372,0.02968176087336749
-0.5586402031683153,0.025126822552277606
-0.5363852593206591,0.026541335072683525
-0.5417119149238833,0.022925761208605344
-0.5470385705271075,0.005437063340523851
-0.5523652261303318,0.004736525502371025
-0.5576918817335559,0.0025473068009560507
-0.5307320625551285,0.024027202852922924
-0.5270392510198778,0.04193965475357597
-0.5300208060972152,0.05667660841301303
-0.5246031908151496,0.07328333309040724
-0.5191855755330841,0.08109864192222482
-0.5137679602510186,0.07303129737056913
-0.5181997360721711,0.06231294698383083
-0.5326514705534904,0.03830161023495804
-0.5376235592749812,0.031355217321595186
-0.5454751291582661,0.02286669982606493
-0.5589164610831968,0.01376585699432531
-0.5435240960890246,0.022540571677744037
-0.5441753018286921,0.02906138861357266
-0.5360131417551348,0.04119501066445119
-0.5490318421394594,0.03920362482023476
-0.5386530968450731,0.046205966626826855
-0.5379944462930002,0.04662083867770517
-0.5445005970616494,0.0383534597520212
-0.5726120856500441,-0.019447136874222615
-0.5760680167905746,-0.03447332429648631
-0.567196169207173,-0.06000097474055499
-0.5583243216237714,-0.05429532634678169
-0.5418921439878402,-0.05182864061042447
-0.534729250015751,-0.04648350957614278
-0.5340653696367818,-0.03920476353583646
-0.5406236956196446,-0.030323389157727032
-0.5396393806703629,-0.0313285713765159
-0.5379944462930002,-0.01612079677297107
-0.5392697857272241,-0.017500236852845186
-0.5689089682794386,-0.051680683496579616
-0.572456129135624,-0.05577876911827584
-0.5760032899918095,-0.07670319969974349
-0.5671835560952463,-0.09857177734375
-0.5583638221986832,-0.09584591993645053
-0.5350194746448147,-0.08049565405394898
-0.5428719674387286,-0.06553399384911385
-0.5529621493431829,-0.06801176308399404
-0.5658198223319105,-0.06096546685517723
-0.578677495320638,-0.07754896173429726
-0.5761195049490979,-0.08366204257035137
-0.5735615145775579,-0.0862579345703125
-0.5577314438358429,-0.08137944918959883
-0.5454751291582661,-0.068976710684857
-0.5399266519854146,-0.05917069923818408
-0.5416468958700857,-0.04817222481343286
-0.5471759303923576,-0.0274025077250466
-0.5551141923473728,-0.022561599959188383
-0.5601771570021106,-0.028604839571672924
-0.5753652716195712,-0.07175160877740205
-0.5777800826616184,-0.08681226132520992
-0.5801948937036657,-0.0886818046000466
-0.5698364011702999,-0.08002786968477926
-0.5506800374677104,-0.06746297807835822
-0.5493538764215284,-0.06335342938627175
-0.5532017369424143,-0.05352403631257774
-0.5509609099357359,-0.0442399361833411
-0.5461642357610887,-0.025366560143617822
-0.5559963923628612,-0.04318100658815294
-0.5658285489646337,-0.03339943956972946
-0.5756607055664062,-0.013993600114661109
-0.5634711788546655,-0.0111236572265625
-0.5512816521429247,0.007772872697061617
-0.5363025665283203,0.019481070599152606
-0.5303556380733367,0.020036991555892447
-0.5380356081070439,0.014092668372007067
-0.5340237771311114,0.02073236721665106
-0.5359717338315902,0.021582987771105344
-0.531066402312248,0.02975182984005742
-0.5363439129244897,0.02976891057408282
-0.5377059444304435,0.028224356731965106
-0.539680419429656,0.027564812655472615
-0.5432796478271484,0.02663842955632001
-0.559231911936114,0.023731060882112853
-0.5510410801056893,0.018282230813704947
-0.5639394944713962,0.00814857293124227
-0.5363852593206591,-0.0017793569991837455
-0.5286372400099231,-0.01721813904112246
-0.5122473316807901,-0.01646575168590636
-0.5431981240549395,-0.01118977864583337
-0.5360131417551348,-0.00972493489583337
-0.5409104131883191,-0.015772425713230676
-0.5403367934688446,-0.02475977655666972
-0.5457995014805948,-0.016500520468944346
-0.5643297626126197,-0.01993063551869556
-0.5541589183192099,-0.017864170359141784
-0.5639394944713962,-0.0305458182719216
-0.5739056987147177,-0.036837829286186285
-0.5671298119329637,-0.04153723265994247
-0.5868824374291204,-0.08008176888992535
-0.5920320018645255,-0.09274709521241453
-0.5971815662999307,-0.09905231532765857
-0.5877280696745841,-0.0896653512224036
-0.5695278413834111,-0.08039514342350751
-0.5677498848207535,-0.06837364690220771
-0.5848328375047254,-0.09157649557388836
-0.6019157901886971,-0.10413645274603545
-0.6189987428726689,-0.10171341777440923
-0.5847870611375379,-0.09417147660136815
-0.5723741592899445,-0.07950034070370804
-0.5744787031604397,-0.06427905334169004
-0.5930600320139239,-0.08123414907882465
-0.6116413608674081,-0.08880531728564212
-0.6043686097668064,-0.08735967987212379
-0.5970958586662046,-0.07821457896066542
-0.5617484431112967,-0.0568836269093983
-0.5611204947194746,-0.03425507047283116
-0.5567813996345766,-0.008078200307058414
-0.5812074804818758,-0.000934278193990945
-0.605633561329175,-0.013649404345460248
-0.6015464618641844,-0.015540431387982001
-0.5974593623991935,-0.016966710636271753
-0.5805477019279234,-0.008160339659126215
-0.5626887044598979,0.008237696405666961
-0.5604918695265246,0.021873815735774294
-0.5554719125070879,0.03596306796097637
-0.5598623214229461,0.03723410231557067
-0.561434591970136,0.03525569782921334
-0.570693108343309,-0.014310238966301347
-0.5799516247164819,-0.044522033995063715
-0.5892101410896547,-0.039077303302821775
-0.5662448944584015,-0.03593611835840327
-0.5432796478271484,-0.009205832410214554
-0.5633145609209614,0.015428913173390901
-0.5506800374677104,0.013486719843166961
-0.5579686933948147,0.0091588414130519
-0.5493538764215284,0.020716045626360424
-0.5498362818071919,0.0164009208109841
-0.5503186871928554,0.0010553616196362636
-0.5461237507481729,-0.01126288418746113
-0.5658485043433406,-0.012285906284009607
-0.5865018290858115,-0.022107252434118485
-0.5909034770022157,-0.04252009605293838
-0.5953051249186199,-0.05636065279073388
-0.5907545807541059,-0.04274047547905002
-0.5862040365895917,-0.04608769203299912
-0.5599016989431074,-0.033065719984064046
-0.5383238023327244,-0.024837968361318463
-0.5658873896444998,-0.06276486524895053
-0.5686396937216482,-0.06853375031580378
-0.5686009930026147,-0.07718776114544468
-0.5646416448777722,-0.09705675419290272
-0.5548755276587702,-0.11269792395444655
-0.5532017369424143,-0.11182566780356029
-0.5506398600916709,-0.10725501520716729
-0.5487901626094696,-0.11536137974677396
-0.5416060416929184,-0.1151712142412935
-0.5627278358705582,-0.11038853279986782
-0.5487498621786795,-0.11079786310148476
-0.5422190389325542,-0.10696145432505444
-0.5356169977495747,-0.09531231780550375
-0.5367386930732317,-0.10847450370219214
-0.5378603883968887,-0.12387677093050375
-0.5389820837205457,-0.1242193724978623
-0.5673624469387916,-0.12867448341787158
-0.5582848210488596,-0.13066890583702584
-0.5668195293795678,-0.13319275509658735
-0.5823532227546938,-0.13217003665753269
-0.5835154748732043,-0.13115316362523322
-0.5981693472913516,-0.14688672117925994
-0.5964478250045503,-0.13358439734919159
-0.594726302717749,-0.11651930168493474
-0.5930047804309475,-0.09570183445565139
-0.5871710623464277,-0.08301312650614112
-0.5988380678238407,-0.07633585004664178
